PLAYER_ID,RANK,PLAYER,TEAM_ID,TEAM,GP,MIN,FGM,FGA,FG_PCT,FG3M,FG3A,FG3_PCT,FTM,FTA,FT_PCT,OREB,DREB,REB,AST,STL,BLK,TOV,PTS,EFF
1629029,1,Luka Dončić,1610612742,DAL,70,37.5,11.5,23.6,0.487,4.1,10.6,0.382,6.8,8.7,0.786,0.8,8.4,9.2,9.8,1.4,0.5,4.0,33.9,36.9
203507,2,Giannis Antetokounmpo,1610612749,MIL,73,35.2,11.5,18.8,0.611,0.5,1.7,0.274,7.0,10.7,0.657,2.7,8.8,11.5,6.5,1.2,1.1,3.4,30.4,36.4
1628983,3,Shai Gilgeous-Alexander,1610612760,OKC,75,34.0,10.6,19.8,0.535,1.3,3.6,0.353,7.6,8.7,0.874,0.9,4.7,5.5,6.2,2.0,0.9,2.2,30.1,32.2
1628973,4,Jalen Brunson,1610612752,NYK,77,35.4,10.3,21.4,0.479,2.7,6.8,0.401,5.5,6.5,0.847,0.6,3.1,3.6,6.7,0.9,0.2,2.4,28.7,25.6
201142,5,Kevin Durant,1610612756,PHX,75,37.2,10.0,19.1,0.523,2.2,5.4,0.413,4.8,5.6,0.856,0.5,6.1,6.6,5.0,0.9,1.2,3.3,27.1,27.7
1626164,6,Devin Booker,1610612756,PHX,68,36.0,9.4,19.2,0.492,2.2,6.1,0.364,6.0,6.7,0.886,0.8,3.7,4.5,6.9,0.9,0.4,2.6,27.1,26.7
1628369,7,Jayson Tatum,1610612738,BOS,74,35.7,9.1,19.3,0.471,3.1,8.2,0.376,5.6,6.7,0.833,0.9,7.2,8.1,4.9,1.0,0.6,2.5,26.9,27.6
1628368,8,De'Aaron Fox,1610612758,SAC,74,35.9,9.7,20.9,0.465,2.9,7.8,0.369,4.2,5.7,0.738,0.9,3.7,4.6,5.6,2.0,0.4,2.6,26.6,23.9
201939,9,Stephen Curry,1610612744,GSW,74,32.7,8.8,19.5,0.45,4.8,11.8,0.408,4.0,4.4,0.923,0.5,4.0,4.5,5.1,0.7,0.4,2.8,26.4,23.2
203999,10,Nikola Jokić,1610612743,DEN,79,34.6,10.4,17.9,0.583,1.1,2.9,0.359,4.5,5.5,0.817,2.8,9.5,12.4,9.0,1.4,0.9,3.0,26.4,38.5
1630178,11,Tyrese Maxey,1610612755,PHI,70,37.5,9.1,20.3,0.45,3.0,8.1,0.373,4.7,5.4,0.868,0.5,3.2,3.7,6.2,1.0,0.5,1.7,25.9,23.7
1630162,12,Anthony Edwards,1610612750,MIN,79,35.1,9.1,19.7,0.461,2.4,6.7,0.357,5.4,6.4,0.836,0.7,4.8,5.4,5.1,1.3,0.5,3.1,25.9,23.6
2544,13,LeBron James,1610612747,LAL,71,35.3,9.6,17.9,0.54,2.1,5.1,0.41,4.3,5.7,0.75,0.9,6.4,7.3,8.3,1.3,0.5,3.5,25.7,29.9
202681,14,Kyrie Irving,1610612742,DAL,58,35.0,9.7,19.5,0.497,3.0,7.3,0.411,3.3,3.6,0.905,0.8,4.2,5.0,5.2,1.3,0.5,1.8,25.6,25.6
203076,15,Anthony Davis,1610612747,LAL,76,35.5,9.4,16.9,0.556,0.4,1.4,0.271,5.5,6.8,0.816,3.1,9.5,12.6,3.5,1.2,2.3,2.1,24.7,33.5
203081,16,Damian Lillard,1610612749,MIL,73,35.3,7.4,17.5,0.424,3.0,8.5,0.354,6.5,7.0,0.92,0.5,3.9,4.4,7.0,1.0,0.2,2.6,24.3,23.6
201942,17,DeMar DeRozan,1610612741,CHI,79,37.8,8.2,17.2,0.48,0.9,2.8,0.333,6.6,7.7,0.853,0.5,3.8,4.3,5.3,1.1,0.6,1.7,24.0,23.6
202695,18,Kawhi Leonard,1610612746,LAC,68,34.3,9.0,17.1,0.525,2.1,4.9,0.417,3.7,4.2,0.885,1.2,4.9,6.1,3.6,1.6,0.9,1.8,23.7,25.6
1627759,19,Jaylen Brown,1610612738,BOS,70,33.5,9.0,17.9,0.499,2.1,5.9,0.354,3.0,4.3,0.703,1.2,4.3,5.5,3.6,1.2,0.5,2.4,23.0,21.2
1629627,20,Zion Williamson,1610612740,NOP,70,31.5,8.9,15.6,0.57,0.1,0.3,0.333,5.0,7.1,0.702,1.7,4.1,5.8,5.0,1.1,0.7,2.8,22.9,23.9
1630595,21,Cade Cunningham,1610612765,DET,62,33.5,8.5,18.8,0.449,1.9,5.4,0.355,3.8,4.4,0.869,0.5,3.8,4.3,7.5,0.9,0.4,3.4,22.7,21.4
202331,22,Paul George,1610612746,LAC,74,33.8,7.9,16.7,0.471,3.3,7.9,0.413,3.6,3.9,0.907,0.5,4.7,5.2,3.5,1.5,0.5,2.1,22.6,22.1
1631094,23,Paolo Banchero,1610612753,ORL,80,35.0,8.0,17.6,0.455,1.5,4.4,0.339,5.1,7.0,0.725,1.0,5.9,6.9,5.4,0.9,0.6,3.1,22.6,21.7
1628991,24,Jaren Jackson Jr.,1610612763,MEM,66,32.2,7.8,17.6,0.444,1.8,5.5,0.32,5.1,6.3,0.808,1.3,4.2,5.5,2.3,1.2,1.6,2.4,22.5,19.8
1627749,25,Dejounte Murray,1610612737,ATL,78,35.7,8.6,18.8,0.459,2.6,7.1,0.363,2.7,3.4,0.794,0.8,4.5,5.3,6.4,1.4,0.3,2.6,22.5,22.6
1630560,26,Cam Thomas,1610612751,BKN,66,31.4,8.0,18.0,0.442,2.2,6.0,0.364,4.3,5.1,0.856,0.4,2.8,3.2,2.9,0.7,0.2,1.9,22.5,16.9
1628398,27,Kyle Kuzma,1610612764,WAS,70,32.6,8.7,18.8,0.463,2.2,6.4,0.336,2.7,3.4,0.775,0.9,5.7,6.6,4.2,0.5,0.7,2.7,22.2,20.7
1626157,28,Karl-Anthony Towns,1610612750,MIN,62,32.7,7.7,15.3,0.504,2.2,5.3,0.416,4.1,4.7,0.873,1.5,6.8,8.3,3.0,0.7,0.7,2.9,21.8,23.4
1627783,29,Pascal Siakam,1610612754,IND,80,33.2,8.5,15.9,0.536,1.1,3.1,0.346,3.6,5.0,0.732,1.7,5.3,7.1,4.3,0.8,0.3,1.8,21.7,23.7
1641705,30,Victor Wembanyama,1610612759,SAS,71,29.7,7.8,16.7,0.465,1.8,5.5,0.325,4.1,5.2,0.796,2.3,8.4,10.6,3.9,1.2,3.6,3.7,21.4,27.1
1627750,31,Jamal Murray,1610612743,DEN,59,31.5,8.0,16.7,0.481,2.5,5.8,0.425,2.7,3.1,0.853,0.7,3.4,4.1,6.5,1.0,0.7,2.1,21.2,22.2
1630578,32,Alperen Sengun,1610612745,HOU,63,32.5,8.4,15.6,0.537,0.5,1.8,0.297,3.9,5.6,0.693,2.9,6.4,9.3,5.0,1.2,0.7,2.6,21.1,25.9
1628970,33,Miles Bridges,1610612766,CHA,69,37.4,8.1,17.5,0.462,2.3,6.5,0.349,2.5,3.1,0.825,1.0,6.3,7.3,3.3,0.9,0.5,2.0,21.0,21.1
1627742,34,Brandon Ingram,1610612740,NOP,64,32.9,7.8,15.9,0.492,1.3,3.8,0.355,3.8,4.8,0.801,0.7,4.4,5.1,5.7,0.8,0.6,2.5,20.8,21.4
202710,35,Jimmy Butler,1610612748,MIA,60,34.0,6.6,13.2,0.499,1.0,2.4,0.414,6.6,7.7,0.858,1.8,3.6,5.3,5.0,1.3,0.3,1.7,20.8,23.2
1629628,36,RJ Barrett,1610612761,TOR,58,31.7,7.5,15.2,0.495,1.6,4.3,0.36,3.6,5.0,0.715,0.9,4.5,5.4,3.3,0.5,0.4,2.2,20.2,18.6
1630169,37,Tyrese Haliburton,1610612754,IND,69,32.2,7.2,15.2,0.477,2.8,7.8,0.364,2.8,3.3,0.855,0.5,3.4,3.9,10.9,1.2,0.7,2.3,20.1,26.1
203468,38,CJ McCollum,1610612740,NOP,66,32.7,7.3,16.0,0.459,3.6,8.4,0.429,1.7,2.1,0.827,0.6,3.7,4.3,4.6,0.9,0.6,1.7,20.0,19.9
1630567,39,Scottie Barnes,1610612761,TOR,60,34.9,7.5,15.7,0.475,1.7,4.9,0.341,3.3,4.2,0.781,2.4,5.9,8.2,6.1,1.3,1.5,2.8,19.9,24.9
1626179,40,Terry Rozier,1610612748,MIA,61,33.4,7.2,16.4,0.443,2.4,6.7,0.363,2.8,3.2,0.869,0.6,3.5,4.0,5.6,1.0,0.3,1.7,19.8,19.5
1630532,41,Franz Wagner,1610612753,ORL,72,32.5,7.3,15.2,0.482,1.3,4.6,0.281,3.8,4.4,0.85,1.0,4.3,5.3,3.7,1.1,0.4,1.9,19.7,19.8
1630224,42,Jalen Green,1610612745,HOU,82,31.7,6.9,16.2,0.423,2.5,7.4,0.332,3.5,4.3,0.804,0.5,4.7,5.2,3.5,0.8,0.3,2.3,19.6,16.9
1628969,43,Mikal Bridges,1610612751,BKN,82,34.8,6.9,15.8,0.436,2.7,7.2,0.372,3.1,3.9,0.814,0.8,3.7,4.5,3.6,1.0,0.4,2.0,19.6,17.5
1630170,44,Devin Vassell,1610612759,SAS,68,33.1,7.3,15.5,0.472,2.4,6.6,0.372,2.4,3.0,0.801,0.4,3.4,3.8,4.1,1.1,0.3,1.6,19.5,18.4
1627734,45,Domantas Sabonis,1610612758,SAC,82,35.7,7.7,13.0,0.594,0.4,1.1,0.379,3.6,5.1,0.704,3.6,10.1,13.7,8.2,0.9,0.6,3.3,19.4,32.7
1628389,46,Bam Adebayo,1610612748,MIA,71,34.0,7.5,14.3,0.521,0.2,0.6,0.357,4.1,5.5,0.755,2.2,8.1,10.4,3.9,1.1,0.9,2.3,19.3,25.1
1629632,47,Coby White,1610612741,CHI,79,36.5,6.8,15.3,0.447,2.6,7.0,0.376,2.8,3.3,0.838,0.6,4.0,4.5,5.1,0.7,0.2,2.1,19.1,18.6
1631114,48,Jalen Williams,1610612760,OKC,71,31.3,7.5,14.0,0.54,1.5,3.4,0.427,2.5,3.1,0.814,0.5,3.5,4.0,4.5,1.1,0.6,1.7,19.1,20.6
1629012,49,Collin Sexton,1610612762,UTA,78,26.6,6.5,13.3,0.487,1.6,4.2,0.394,4.1,4.7,0.859,0.9,1.7,2.6,4.9,0.8,0.2,2.1,18.7,17.7
202696,50,Nikola Vučević,1610612741,CHI,76,34.3,7.7,15.9,0.484,1.2,4.1,0.294,1.4,1.7,0.822,2.8,7.8,10.5,3.3,0.7,0.8,1.6,18.0,23.3
1626156,51,D'Angelo Russell,1610612747,LAL,76,32.7,6.5,14.2,0.456,3.0,7.2,0.415,2.1,2.5,0.828,0.4,2.7,3.1,6.3,0.9,0.5,2.1,18.0,18.6
202691,52,Klay Thompson,1610612744,GSW,77,29.7,6.4,14.7,0.432,3.5,9.0,0.387,1.6,1.8,0.927,0.5,2.8,3.3,2.3,0.6,0.5,1.5,17.9,14.5
1627832,53,Fred VanVleet,1610612745,HOU,73,36.8,5.8,13.9,0.416,3.1,8.0,0.387,2.7,3.1,0.86,0.5,3.4,3.8,8.1,1.4,0.8,1.7,17.4,21.2
1629673,54,Jordan Poole,1610612764,WAS,78,30.1,6.3,15.2,0.413,2.4,7.2,0.326,2.5,2.8,0.877,0.4,2.3,2.7,4.4,1.1,0.3,2.4,17.4,14.2
1641706,55,Brandon Miller,1610612766,CHA,74,32.2,6.4,14.6,0.44,2.5,6.7,0.373,1.9,2.3,0.827,0.8,3.4,4.3,2.4,0.9,0.6,1.8,17.3,15.0
202699,56,Tobias Harris,1610612755,PHI,70,33.8,6.6,13.6,0.487,1.3,3.7,0.353,2.7,3.0,0.878,1.1,5.3,6.5,3.1,1.0,0.7,1.3,17.2,19.8
1626167,57,Myles Turner,1610612754,IND,77,27.0,6.2,11.8,0.524,1.5,4.2,0.358,3.2,4.1,0.773,1.5,5.5,6.9,1.3,0.5,1.9,1.4,17.1,19.7
1630193,58,Immanuel Quickley,1610612761,TOR,68,29.2,5.7,13.1,0.434,2.5,6.4,0.395,3.1,3.6,0.853,0.3,3.6,3.8,4.9,0.7,0.1,1.5,17.0,17.1
203992,59,Bogdan Bogdanović,1610612737,ATL,79,30.4,6.0,13.9,0.428,3.0,8.1,0.374,1.9,2.1,0.921,0.7,2.8,3.4,3.1,1.2,0.3,1.4,16.9,15.4
1629008,60,Michael Porter Jr.,1610612743,DEN,81,31.7,6.4,13.3,0.484,2.7,6.8,0.397,1.1,1.4,0.836,1.3,5.7,7.0,1.5,0.5,0.7,1.1,16.7,18.2
201935,61,James Harden,1610612746,LAC,72,34.3,4.9,11.4,0.428,2.6,6.8,0.381,4.2,4.8,0.878,0.5,4.7,5.1,8.5,1.1,0.8,2.6,16.6,22.4
1631096,62,Chet Holmgren,1610612760,OKC,82,29.4,6.2,11.6,0.53,1.6,4.3,0.37,2.7,3.4,0.793,1.6,6.3,7.9,2.4,0.6,2.3,1.6,16.5,22.1
1628386,63,Jarrett Allen,1610612739,CLE,77,31.7,6.7,10.6,0.634,0.0,0.1,0.0,3.0,4.1,0.742,3.2,7.4,10.5,2.7,0.7,1.1,1.6,16.5,25.0
1630228,64,Jonathan Kuminga,1610612744,GSW,74,26.3,6.2,11.6,0.529,0.7,2.2,0.321,3.0,4.0,0.746,1.2,3.6,4.8,2.2,0.7,0.5,1.6,16.1,16.1
1630559,65,Austin Reaves,1610612747,LAL,82,32.1,5.6,11.5,0.486,1.9,5.1,0.367,2.8,3.3,0.853,0.7,3.6,4.3,5.5,0.8,0.3,2.1,15.9,18.2
1629640,66,Keldon Johnson,1610612759,SAS,69,29.5,5.7,12.5,0.454,1.8,5.3,0.346,2.5,3.2,0.792,1.4,4.1,5.5,2.8,0.7,0.3,1.4,15.7,16.1
1628978,67,Donte DiVincenzo,1610612752,NYK,81,29.1,5.5,12.4,0.443,3.5,8.7,0.401,1.1,1.4,0.754,0.8,2.9,3.7,2.7,1.3,0.4,1.4,15.5,15.0
1626162,68,Kelly Oubre Jr.,1610612755,PHI,68,30.2,5.7,12.9,0.441,1.5,4.8,0.311,2.6,3.4,0.75,1.4,3.6,5.0,1.5,1.1,0.7,1.3,15.4,14.4
1628370,69,Malik Monk,1610612758,SAC,72,26.0,5.5,12.4,0.443,2.1,5.9,0.35,2.4,2.8,0.829,0.4,2.6,2.9,5.1,0.6,0.5,2.1,15.4,15.2
1631093,70,Jaden Ivey,1610612765,DET,77,28.8,5.4,12.6,0.429,1.6,4.8,0.336,2.9,3.9,0.749,1.1,2.3,3.4,3.8,0.7,0.5,2.5,15.4,13.3
1631099,71,Keegan Murray,1610612758,SAC,77,33.6,5.8,12.7,0.454,2.4,6.6,0.358,1.3,1.6,0.831,1.4,4.1,5.5,1.7,1.0,0.8,0.8,15.2,16.1
1628401,72,Derrick White,1610612738,BOS,73,32.6,5.3,11.5,0.461,2.7,6.8,0.396,1.9,2.1,0.901,0.7,3.5,4.2,5.2,1.0,1.2,1.5,15.2,18.8
1628381,73,John Collins,1610612762,UTA,68,28.0,5.8,11.0,0.532,1.3,3.4,0.371,2.2,2.7,0.795,2.3,6.1,8.5,1.1,0.6,0.9,1.4,15.1,19.0
1630166,74,Deni Avdija,1610612764,WAS,75,30.1,5.4,10.7,0.506,1.2,3.1,0.374,2.7,3.6,0.74,1.1,6.1,7.2,3.8,0.8,0.5,2.1,14.7,18.6
1631097,75,Bennedict Mathurin,1610612754,IND,59,26.1,5.0,11.2,0.446,1.4,3.6,0.374,3.1,3.8,0.821,1.0,2.9,4.0,2.0,0.6,0.2,1.6,14.5,12.8
203501,76,Tim Hardaway Jr.,1610612742,DAL,79,26.8,5.0,12.4,0.402,2.7,7.6,0.353,1.8,2.1,0.852,0.3,2.9,3.2,1.8,0.5,0.1,0.9,14.4,11.4
203471,77,Dennis Schröder,1610612751,BKN,80,31.1,5.0,11.6,0.435,1.7,4.6,0.375,2.2,2.7,0.836,0.5,2.5,3.0,6.1,0.8,0.2,1.9,14.0,15.3
1627747,78,Caris LeVert,1610612739,CLE,68,28.8,5.1,12.1,0.421,1.6,4.9,0.325,2.3,3.0,0.766,0.6,3.5,4.1,5.1,1.1,0.5,1.7,14.0,15.4
1630703,78,Scoot Henderson,1610612757,POR,62,28.5,5.0,12.9,0.385,1.4,4.3,0.325,2.7,3.3,0.819,0.9,2.3,3.1,5.4,0.8,0.2,3.4,14.0,11.6
203497,80,Rudy Gobert,1610612750,MIN,76,34.1,5.3,8.1,0.661,0.0,0.0,0.0,3.3,5.1,0.638,3.8,9.2,12.9,1.3,0.7,2.1,1.6,14.0,24.9
1626181,81,Norman Powell,1610612746,LAC,76,26.2,4.9,10.1,0.486,2.2,5.1,0.435,1.9,2.3,0.831,0.2,2.4,2.6,1.1,0.6,0.3,0.9,13.9,11.9
203932,82,Aaron Gordon,1610612743,DEN,73,31.5,5.5,9.8,0.556,0.5,1.9,0.29,2.4,3.7,0.658,2.4,4.1,6.5,3.5,0.8,0.6,1.4,13.9,18.2
1631105,83,Jalen Duren,1610612765,DET,61,29.1,5.7,9.2,0.619,0.0,0.1,0.0,2.3,3.0,0.79,3.1,8.5,11.6,2.4,0.5,0.8,2.1,13.8,22.9
1626171,84,Bobby Portis,1610612749,MIL,82,24.5,5.7,11.2,0.508,1.2,3.0,0.407,1.2,1.5,0.79,1.7,5.7,7.4,1.3,0.8,0.4,1.1,13.8,16.8
1631095,85,Jabari Smith Jr.,1610612745,HOU,76,31.9,5.0,11.0,0.454,1.8,5.0,0.363,2.0,2.4,0.811,1.8,6.3,8.1,1.6,0.7,0.8,1.2,13.7,17.3
1629018,86,Gary Trent Jr.,1610612761,TOR,71,28.1,5.1,11.9,0.426,2.5,6.4,0.393,1.0,1.4,0.771,0.4,2.3,2.6,1.7,1.1,0.1,0.7,13.7,11.5
1630180,87,Saddiq Bey,1610612737,ATL,63,32.7,4.6,11.1,0.416,1.8,5.7,0.316,2.7,3.2,0.837,2.7,3.9,6.5,1.5,0.8,0.2,0.9,13.7,14.8
1629060,88,Rui Hachimura,1610612747,LAL,68,26.8,5.3,9.9,0.537,1.4,3.4,0.422,1.5,2.0,0.739,0.9,3.5,4.3,1.2,0.6,0.4,0.7,13.6,14.3
1628960,89,Grayson Allen,1610612756,PHX,75,33.5,4.5,9.1,0.499,2.7,5.9,0.461,1.7,2.0,0.878,0.6,3.3,3.9,3.0,0.9,0.6,1.3,13.5,15.9
1629675,90,Naz Reid,1610612750,MIN,81,24.2,5.0,10.5,0.477,2.1,5.0,0.414,1.3,1.8,0.736,0.9,4.3,5.2,1.3,0.8,0.9,1.4,13.5,14.3
1629661,91,Cameron Johnson,1610612751,BKN,58,27.6,4.8,10.7,0.446,2.4,6.1,0.391,1.5,1.9,0.789,0.9,3.4,4.3,2.4,0.8,0.3,1.0,13.4,13.9
1630557,92,Corey Kispert,1610612764,WAS,80,25.8,4.8,9.9,0.486,2.3,6.0,0.383,1.4,2.0,0.726,0.4,2.4,2.8,2.0,0.5,0.2,1.2,13.4,12.0
203952,93,Andrew Wiggins,1610612744,GSW,71,27.0,5.0,11.0,0.453,1.3,3.6,0.358,2.0,2.7,0.751,1.5,3.0,4.5,1.7,0.6,0.6,1.2,13.2,12.7
1641718,94,Keyonte George,1610612762,UTA,75,27.0,4.3,10.9,0.391,2.0,5.9,0.334,2.5,3.0,0.848,0.2,2.6,2.8,4.4,0.5,0.1,2.5,13.0,11.2
1629130,95,Duncan Robinson,1610612748,MIA,68,28.0,4.5,9.9,0.45,2.8,7.0,0.395,1.2,1.3,0.889,0.2,2.3,2.5,2.8,0.7,0.2,1.4,12.9,12.1
1629023,96,P.J. Washington,1610612742,DAL,73,30.4,4.8,11.1,0.436,1.8,5.7,0.32,1.4,2.0,0.683,1.2,4.5,5.6,1.9,1.0,0.8,1.3,12.9,14.0
1628415,97,Dillon Brooks,1610612745,HOU,72,30.9,4.6,10.7,0.428,1.8,5.1,0.359,1.7,2.0,0.844,0.7,2.7,3.4,1.7,0.9,0.1,1.2,12.7,11.2
1630591,98,Jalen Suggs,1610612753,ORL,75,27.0,4.5,9.5,0.471,2.0,5.1,0.397,1.6,2.1,0.756,0.6,2.4,3.1,2.7,1.4,0.6,1.8,12.6,13.1
201572,99,Brook Lopez,1610612749,MIL,79,30.5,4.6,9.6,0.485,1.9,5.1,0.366,1.4,1.7,0.821,1.5,3.7,5.2,1.6,0.5,2.4,1.0,12.5,16.0
201950,100,Jrue Holiday,1610612738,BOS,69,32.8,4.8,10.0,0.48,2.0,4.7,0.429,0.9,1.0,0.833,1.2,4.2,5.4,4.8,0.9,0.8,1.8,12.5,17.2
1630581,101,Josh Giddey,1610612760,OKC,80,25.2,5.0,10.6,0.475,1.0,3.0,0.337,1.3,1.6,0.806,1.4,5.0,6.4,4.8,0.6,0.6,2.1,12.3,16.8
202685,102,Jonas Valančiūnas,1610612740,NOP,82,23.5,4.9,8.8,0.559,0.5,1.5,0.308,2.0,2.5,0.785,2.3,6.5,8.8,2.1,0.4,0.8,1.4,12.2,18.6
203084,103,Harrison Barnes,1610612758,SAC,82,29.0,4.2,8.9,0.474,1.8,4.7,0.387,1.9,2.4,0.801,0.8,2.2,3.0,1.2,0.7,0.1,0.7,12.2,11.4
1629622,104,Max Strus,1610612739,CLE,70,32.0,4.3,10.4,0.418,2.4,6.8,0.351,1.1,1.4,0.794,0.9,3.9,4.8,4.0,0.9,0.4,1.6,12.2,14.4
1630174,105,Aaron Nesmith,1610612754,IND,72,27.7,4.4,8.8,0.496,1.9,4.6,0.419,1.5,1.9,0.781,0.9,2.9,3.8,1.5,0.9,0.7,0.9,12.2,13.3
1630245,106,Ayo Dosunmu,1610612741,CHI,76,29.1,4.7,9.5,0.501,1.6,3.9,0.403,1.1,1.4,0.81,0.7,2.1,2.8,3.2,0.9,0.5,1.4,12.2,13.2
1627741,107,Buddy Hield,1610612755,PHI,84,25.7,4.4,10.1,0.436,2.6,6.8,0.386,0.6,0.7,0.881,0.7,2.5,3.2,2.8,0.8,0.5,1.2,12.1,12.4
1626145,108,Tyus Jones,1610612764,WAS,66,29.3,4.9,10.1,0.489,1.6,3.9,0.414,0.5,0.6,0.8,0.3,2.4,2.7,7.3,1.1,0.3,1.0,12.0,17.1
1631170,109,Jaime Jaquez Jr.,1610612748,MIA,75,28.2,4.5,9.3,0.489,0.9,2.7,0.322,1.9,2.3,0.811,1.1,2.7,3.8,2.6,1.0,0.3,1.5,11.9,12.9
1629651,110,Nic Claxton,1610612751,BKN,71,29.8,5.2,8.2,0.629,0.0,0.1,0.2,1.5,2.8,0.551,2.7,7.2,9.9,2.1,0.6,2.1,1.3,11.8,21.0
1627826,111,Ivica Zubac,1610612746,LAC,68,26.4,5.0,7.6,0.649,0.0,0.0,0.0,1.8,2.4,0.723,2.9,6.3,9.2,1.4,0.3,1.2,1.2,11.7,19.3
1631110,112,Jeremy Sochan,1610612759,SAS,74,29.6,4.6,10.5,0.438,0.9,3.1,0.308,1.5,1.9,0.771,1.9,4.6,6.4,3.4,0.8,0.5,1.9,11.6,14.6
1630175,113,Cole Anthony,1610612753,ORL,81,22.4,4.1,9.4,0.435,1.1,3.4,0.338,2.2,2.7,0.826,0.8,3.0,3.8,2.9,0.8,0.5,1.6,11.6,12.2
203991,114,Clint Capela,1610612737,ATL,73,25.8,4.8,8.5,0.571,0.0,0.0,0.0,1.8,2.8,0.631,4.6,6.0,10.6,1.2,0.6,1.5,1.0,11.5,19.7
201144,115,Mike Conley,1610612750,MIN,76,28.9,3.9,8.5,0.457,2.4,5.3,0.442,1.3,1.5,0.911,0.5,2.4,2.9,5.9,1.2,0.2,1.3,11.4,15.5
1627736,116,Malik Beasley,1610612749,MIL,79,29.6,4.1,9.1,0.443,2.8,6.9,0.413,0.3,0.4,0.714,0.5,3.2,3.7,1.4,0.7,0.1,0.7,11.3,11.3
1628380,117,Zach Collins,1610612759,SAS,69,22.1,4.3,8.9,0.484,0.8,2.6,0.32,1.8,2.3,0.753,1.7,3.7,5.4,2.8,0.5,0.8,1.9,11.2,13.6
201566,118,Russell Westbrook,1610612746,LAC,68,22.5,4.4,9.8,0.454,0.6,2.3,0.273,1.6,2.4,0.688,1.4,3.7,5.0,4.5,1.1,0.3,2.1,11.1,13.9
201569,119,Eric Gordon,1610612756,PHX,68,27.8,4.0,9.1,0.443,2.2,5.8,0.378,0.8,0.9,0.797,0.2,1.6,1.8,2.0,1.0,0.4,1.1,11.0,9.9
1630529,120,Herbert Jones,1610612740,NOP,76,30.5,3.9,7.7,0.498,1.5,3.6,0.418,1.8,2.1,0.867,1.0,2.6,3.6,2.6,1.4,0.8,1.2,11.0,14.0
1629655,121,Daniel Gafford,1610612742,DAL,74,24.5,4.7,6.5,0.725,0.0,0.0,0.0,1.6,2.4,0.674,2.6,5.0,7.6,1.6,0.9,2.1,1.0,11.0,19.5
203994,122,Jusuf Nurkić,1610612756,PHX,76,27.3,4.2,8.3,0.51,0.3,1.2,0.244,2.2,3.4,0.64,2.9,8.1,11.0,4.0,1.1,1.1,2.3,10.9,20.4
1629652,123,Luguentz Dort,1610612760,OKC,79,28.4,3.6,8.3,0.438,2.0,5.0,0.394,1.6,2.0,0.826,0.9,2.7,3.6,1.4,0.9,0.6,0.9,10.9,11.5
1629021,124,Moritz Wagner,1610612753,ORL,80,17.7,4.2,6.9,0.601,0.5,1.4,0.33,2.1,2.6,0.814,1.5,2.9,4.3,1.2,0.5,0.3,1.2,10.9,12.7
1628971,125,Bruce Brown,1610612761,TOR,67,27.8,4.1,8.7,0.478,0.8,2.4,0.323,1.7,2.1,0.824,0.8,3.4,4.2,2.9,0.9,0.3,1.3,10.8,12.9
1630583,126,Santi Aldama,1610612763,MEM,61,26.5,4.0,9.3,0.435,1.7,5.0,0.349,0.9,1.4,0.621,1.2,4.6,5.8,2.3,0.7,0.9,1.1,10.7,13.4
1630183,127,Jaden McDaniels,1610612750,MIN,72,29.2,4.3,8.7,0.489,1.2,3.5,0.337,0.8,1.1,0.722,0.8,2.3,3.1,1.4,0.9,0.6,1.2,10.5,10.5
1631323,128,Simone Fontecchio,1610612765,DET,66,24.9,3.8,8.3,0.46,2.0,5.1,0.401,0.8,1.0,0.818,1.0,2.8,3.7,1.5,0.7,0.3,1.0,10.5,11.1
203915,129,Spencer Dinwiddie,1610612747,LAL,76,28.3,3.3,8.4,0.392,1.6,4.8,0.337,2.2,2.8,0.805,0.4,2.3,2.7,4.7,0.7,0.3,1.2,10.5,11.9
202692,130,Alec Burks,1610612752,NYK,66,18.4,3.2,8.6,0.369,1.9,5.0,0.376,2.2,2.5,0.868,0.4,1.9,2.3,1.3,0.4,0.2,0.7,10.4,8.2
1629684,131,Grant Williams,1610612766,CHA,76,28.0,3.6,8.0,0.456,1.7,4.4,0.375,1.4,1.8,0.757,1.1,3.1,4.2,2.3,0.6,0.5,1.4,10.3,11.7
1630167,132,Obi Toppin,1610612754,IND,82,21.1,4.0,7.1,0.573,1.2,3.1,0.403,0.9,1.2,0.77,1.0,2.9,3.9,1.6,0.6,0.5,0.8,10.3,12.7
204456,133,T.J. McConnell,1610612754,IND,71,18.2,4.6,8.4,0.556,0.3,0.6,0.409,0.7,0.9,0.79,0.5,2.2,2.7,5.5,1.0,0.1,1.5,10.2,14.1
1628989,134,Kevin Huerter,1610612758,SAC,64,24.4,3.9,8.8,0.443,1.9,5.3,0.361,0.6,0.7,0.766,0.6,2.9,3.5,2.6,0.7,0.4,0.8,10.2,11.5
202704,135,Reggie Jackson,1610612743,DEN,82,22.2,4.0,9.2,0.431,1.2,3.5,0.359,1.0,1.2,0.806,0.4,1.5,1.9,3.8,0.5,0.2,1.3,10.2,9.7
203484,136,Kentavious Caldwell-Pope,1610612743,DEN,76,31.6,3.6,7.7,0.46,1.6,4.1,0.406,1.3,1.5,0.894,0.4,2.0,2.4,2.4,1.3,0.6,1.0,10.1,11.4
1627936,137,Alex Caruso,1610612741,CHI,71,28.7,3.6,7.6,0.468,1.9,4.7,0.408,1.0,1.4,0.76,0.9,3.0,3.8,3.5,1.7,1.0,1.4,10.1,14.3
1630200,138,Tre Jones,1610612759,SAS,77,27.8,3.9,7.8,0.505,0.8,2.5,0.335,1.3,1.5,0.856,0.8,3.0,3.8,6.2,1.0,0.1,1.5,10.0,15.5
1628997,139,Caleb Martin,1610612748,MIA,64,27.5,3.8,8.7,0.431,1.3,3.6,0.349,1.2,1.5,0.778,1.2,3.2,4.4,2.2,0.7,0.5,1.2,10.0,11.3
1630188,140,Jalen Smith,1610612754,IND,61,17.2,3.8,6.5,0.592,1.0,2.4,0.424,1.2,1.7,0.692,1.8,3.7,5.5,1.0,0.3,0.6,0.7,9.9,13.4
203482,141,Kelly Olynyk,1610612761,TOR,78,22.6,3.5,6.4,0.555,0.8,2.0,0.387,1.9,2.3,0.833,1.4,3.9,5.3,4.4,0.9,0.4,1.9,9.8,15.7
1629022,142,Lonnie Walker IV,1610612751,BKN,58,17.4,3.6,8.5,0.423,1.8,4.7,0.384,0.8,1.0,0.763,0.2,2.0,2.2,1.3,0.6,0.3,0.9,9.7,8.1
1630208,143,Nick Richards,1610612766,CHA,67,26.3,3.9,5.6,0.691,0.0,0.0,0.0,2.0,2.7,0.737,2.6,5.5,8.0,0.8,0.4,1.1,1.1,9.7,16.6
1630202,144,Payton Pritchard,1610612738,BOS,82,22.3,3.6,7.7,0.468,1.8,4.7,0.385,0.6,0.7,0.821,0.9,2.4,3.2,3.4,0.5,0.1,0.7,9.6,11.8
1641708,145,Amen Thompson,1610612745,HOU,62,22.4,3.9,7.2,0.536,0.1,0.9,0.138,1.7,2.5,0.684,2.4,4.2,6.6,2.6,1.3,0.6,1.5,9.5,15.1
1628404,146,Josh Hart,1610612752,NYK,81,33.4,3.6,8.4,0.434,1.0,3.2,0.31,1.1,1.4,0.791,1.6,6.8,8.3,4.1,0.9,0.3,1.5,9.4,16.5
1630171,147,Isaac Okoro,1610612739,CLE,69,27.3,3.4,7.0,0.49,1.2,3.1,0.391,1.3,2.0,0.679,1.0,2.0,3.0,1.9,0.8,0.5,0.8,9.4,10.6
1627777,148,Georges Niang,1610612739,CLE,82,22.3,3.5,7.7,0.449,1.8,4.8,0.376,0.6,0.7,0.85,0.3,3.1,3.4,1.2,0.4,0.2,0.9,9.4,9.3
1641764,149,Brandin Podziemski,1610612744,GSW,74,26.6,3.7,8.1,0.454,1.2,3.2,0.385,0.7,1.1,0.633,1.6,4.2,5.8,3.7,0.8,0.2,1.2,9.2,13.7
1629614,150,Andrew Nembhard,1610612754,IND,68,25.0,3.8,7.7,0.498,0.9,2.5,0.357,0.7,0.8,0.804,0.5,1.5,2.1,4.1,0.9,0.1,1.5,9.2,10.9
1631103,151,Malaki Branham,1610612759,SAS,75,21.3,3.6,8.4,0.432,1.2,3.6,0.347,0.7,0.8,0.873,0.4,1.6,2.0,2.1,0.4,0.1,1.2,9.2,7.6
101108,152,Chris Paul,1610612744,GSW,58,26.4,3.6,8.1,0.441,1.3,3.6,0.371,0.7,0.9,0.827,0.3,3.6,3.9,6.8,1.2,0.1,1.3,9.2,15.2
1641871,153,Duop Reath,1610612757,POR,68,17.9,3.4,7.3,0.461,1.3,3.6,0.359,1.0,1.4,0.742,1.4,2.3,3.7,1.0,0.5,0.6,0.8,9.1,9.7
1630573,154,Sam Hauser,1610612738,BOS,79,22.0,3.2,7.1,0.446,2.5,5.9,0.424,0.2,0.2,0.895,0.6,2.9,3.5,1.0,0.5,0.3,0.4,9.0,10.0
1627752,155,Taurean Prince,1610612747,LAL,78,27.0,3.2,7.3,0.442,1.8,4.6,0.396,0.6,0.9,0.735,0.3,2.7,2.9,1.5,0.7,0.4,0.9,8.9,9.3
1631133,156,Jabari Walker,1610612757,POR,72,23.6,3.3,7.1,0.46,0.6,1.9,0.295,1.8,2.4,0.754,2.1,5.0,7.1,1.0,0.6,0.3,0.9,8.9,12.5
1641709,157,Ausar Thompson,1610612765,DET,63,25.1,3.7,7.6,0.483,0.3,1.8,0.186,1.1,1.9,0.597,2.0,4.3,6.4,1.9,1.1,0.9,1.3,8.8,13.1
1629611,158,Terance Mann,1610612746,LAC,75,25.0,3.4,6.6,0.515,0.9,2.7,0.348,1.1,1.3,0.832,1.2,2.2,3.4,1.6,0.6,0.2,0.6,8.8,10.5
201143,159,Al Horford,1610612738,BOS,65,26.8,3.3,6.4,0.511,1.7,4.0,0.419,0.4,0.5,0.867,1.3,5.1,6.4,2.6,0.6,1.0,0.7,8.6,15.2
1627884,160,Derrick Jones Jr.,1610612742,DAL,76,23.5,3.1,6.5,0.483,1.1,3.1,0.343,1.3,1.8,0.713,1.1,2.2,3.3,1.0,0.7,0.7,0.9,8.6,9.6
1627827,161,Dorian Finney-Smith,1610612751,BKN,68,28.5,3.2,7.5,0.421,1.7,4.9,0.348,0.5,0.7,0.717,1.6,3.1,4.7,1.6,0.8,0.6,0.9,8.5,10.7
1641711,162,Gradey Dick,1610612761,TOR,60,21.1,3.2,7.4,0.425,1.5,4.0,0.365,0.7,0.9,0.863,0.5,1.8,2.2,1.1,0.6,0.0,0.8,8.5,7.2
1641731,163,Bilal Coulibaly,1610612764,WAS,63,27.2,3.0,6.9,0.435,1.0,2.9,0.346,1.5,2.1,0.702,0.9,3.2,4.1,1.7,0.9,0.8,1.4,8.4,10.0
203083,164,Andre Drummond,1610612741,CHI,79,17.1,3.4,6.1,0.556,0.0,0.0,0.0,1.6,2.8,0.592,3.4,5.6,9.0,0.5,0.9,0.6,1.0,8.4,14.5
1630540,165,Miles McBride,1610612752,NYK,68,19.5,3.0,6.7,0.452,1.6,3.9,0.41,0.6,0.7,0.86,0.5,1.0,1.5,1.7,0.7,0.1,0.4,8.3,8.0
1631204,166,Marcus Sasser,1610612765,DET,71,19.0,3.1,7.2,0.428,1.3,3.4,0.375,0.8,0.9,0.879,0.2,1.6,1.8,3.3,0.6,0.2,1.3,8.3,8.6
1630198,167,Isaiah Joe,1610612760,OKC,78,18.5,2.8,6.2,0.458,1.9,4.5,0.416,0.6,0.7,0.865,0.4,1.9,2.3,1.3,0.6,0.3,0.6,8.2,8.5
200768,168,Kyle Lowry,1610612755,PHI,60,28.2,2.7,6.3,0.432,1.6,4.2,0.392,1.1,1.3,0.84,0.6,2.7,3.2,4.2,1.0,0.4,1.4,8.1,11.7
1631117,169,Walker Kessler,1610612762,UTA,64,23.3,3.6,5.5,0.654,0.1,0.3,0.211,0.9,1.5,0.602,2.6,4.9,7.5,0.9,0.5,2.4,1.0,8.1,15.9
1630541,170,Moses Moody,1610612744,GSW,66,17.5,2.9,6.4,0.462,1.1,3.0,0.36,1.1,1.4,0.785,1.0,2.0,3.0,0.9,0.6,0.4,0.7,8.1,8.5
203967,171,Dario Šarić,1610612744,GSW,64,17.2,2.8,6.1,0.466,1.2,3.1,0.376,1.2,1.5,0.849,1.1,3.3,4.4,2.3,0.5,0.2,1.2,8.0,10.7
1629638,172,Nickeil Alexander-Walker,1610612750,MIN,82,23.4,2.9,6.6,0.439,1.6,4.1,0.391,0.6,0.8,0.8,0.4,1.6,2.0,2.5,0.8,0.5,0.9,8.0,9.0
1630241,173,Sam Merrill,1610612739,CLE,61,17.5,2.6,6.4,0.402,2.3,5.8,0.404,0.4,0.5,0.929,0.4,1.6,2.0,1.8,0.3,0.1,0.3,8.0,7.9
1631218,174,Trayce Jackson-Davis,1610612744,GSW,68,16.6,3.4,4.9,0.702,0.0,0.0,0.0,1.1,1.9,0.561,2.0,3.0,5.0,1.2,0.4,1.1,0.7,7.9,12.7
1641722,175,Jordan Hawkins,1610612740,NOP,67,17.3,2.6,6.8,0.382,1.6,4.4,0.366,1.0,1.2,0.838,0.4,1.8,2.2,1.0,0.3,0.1,0.6,7.8,6.5
1628392,176,Isaiah Hartenstein,1610612752,NYK,75,25.3,3.1,4.9,0.644,0.0,0.0,0.333,1.5,2.1,0.707,3.3,5.1,8.3,2.5,1.2,1.1,1.2,7.8,17.3
1626220,177,Royce O'Neale,1610612756,PHX,79,24.7,2.7,6.8,0.397,2.0,5.3,0.37,0.3,0.4,0.686,0.8,4.0,4.8,2.8,0.7,0.6,0.9,7.7,11.4
1630173,178,Precious Achiuwa,1610612752,NYK,74,21.9,3.2,6.3,0.501,0.4,1.3,0.268,0.9,1.5,0.616,2.6,4.0,6.6,1.3,0.6,0.9,1.1,7.6,12.2
1641739,179,Toumani Camara,1610612757,POR,70,24.8,2.8,6.3,0.45,0.8,2.5,0.337,1.1,1.4,0.758,2.0,2.9,4.9,1.2,0.9,0.5,1.2,7.5,10.1
1626166,180,Cameron Payne,1610612755,PHI,78,16.7,2.7,6.2,0.432,1.3,3.4,0.39,0.7,0.9,0.866,0.3,1.2,1.5,2.6,0.5,0.1,0.8,7.4,7.8
1631128,181,Christian Braun,1610612743,DEN,82,20.2,2.7,5.9,0.46,0.8,2.0,0.384,1.1,1.6,0.694,1.0,2.8,3.7,1.6,0.5,0.4,0.7,7.3,9.2
1630194,181,Paul Reed,1610612755,PHI,82,19.4,3.2,5.9,0.54,0.3,0.7,0.368,0.7,1.0,0.718,2.4,3.6,6.0,1.3,0.8,1.0,0.8,7.3,12.6
1630702,183,Jaden Hardy,1610612742,DAL,73,13.5,2.7,6.6,0.407,1.1,3.1,0.362,0.8,1.0,0.776,0.3,1.5,1.8,1.5,0.3,0.1,0.8,7.3,5.9
1626168,184,Trey Lyles,1610612758,SAC,58,20.0,2.5,5.5,0.445,1.4,3.8,0.384,0.8,1.2,0.7,1.1,3.4,4.4,1.2,0.3,0.3,0.7,7.2,9.4
1630164,185,James Wiseman,1610612765,DET,63,17.3,3.0,4.8,0.613,0.0,0.0,0.0,1.1,1.6,0.706,1.7,3.6,5.3,0.9,0.2,0.6,1.0,7.1,10.7
1630230,186,Naji Marshall,1610612740,NOP,66,19.0,2.6,5.6,0.463,0.9,2.3,0.387,1.0,1.3,0.791,0.8,2.8,3.6,1.9,0.7,0.2,1.0,7.1,9.3
203995,187,Vasilije Micić,1610612766,CHA,60,19.6,2.7,6.2,0.43,0.7,2.6,0.279,1.0,1.3,0.813,0.2,1.2,1.5,4.4,0.5,0.1,1.7,7.0,8.1
1630598,188,Aaron Wiggins,1610612760,OKC,78,15.7,2.7,4.8,0.562,0.8,1.6,0.492,0.7,0.9,0.789,0.8,1.6,2.4,1.1,0.7,0.2,0.7,6.9,8.4
1630570,189,Trendon Watford,1610612751,BKN,63,13.6,2.6,4.9,0.527,0.4,1.1,0.397,1.2,1.5,0.794,0.8,2.3,3.1,1.3,0.4,0.3,1.0,6.9,8.2
1641717,190,Cason Wallace,1610612760,OKC,82,20.6,2.6,5.4,0.491,1.2,2.9,0.419,0.4,0.5,0.784,0.6,1.6,2.3,1.5,0.9,0.5,0.5,6.8,8.6
1630577,191,Julian Champagnie,1610612759,SAS,74,19.8,2.2,5.4,0.408,1.4,3.7,0.365,1.0,1.2,0.815,0.6,2.2,2.8,1.4,0.6,0.6,0.8,6.8,8.0
1630549,192,Day'Ron Sharpe,1610612751,BKN,61,15.1,2.8,4.8,0.571,0.1,0.2,0.267,1.2,2.0,0.61,2.6,3.7,6.4,1.4,0.4,0.7,1.1,6.8,11.7
1626224,193,Cedi Osman,1610612759,SAS,72,17.6,2.6,5.3,0.479,1.2,3.1,0.389,0.5,0.7,0.673,0.3,2.2,2.5,1.7,0.5,0.2,0.7,6.8,7.9
1628371,194,Jonathan Isaac,1610612753,ORL,58,15.8,2.5,4.9,0.51,0.7,1.9,0.375,1.0,1.4,0.72,1.3,3.2,4.5,0.5,0.7,1.2,0.5,6.8,10.4
1631212,195,Peyton Watson,1610612743,DEN,80,18.6,2.6,5.6,0.465,0.6,1.9,0.296,0.9,1.3,0.67,0.7,2.5,3.2,1.1,0.5,1.1,0.7,6.7,8.4
1629599,196,Amir Coffey,1610612746,LAC,70,20.9,2.4,5.0,0.472,1.0,2.6,0.38,0.9,1.0,0.859,0.4,1.7,2.1,1.1,0.6,0.2,0.5,6.6,7.3
1628988,197,Aaron Holiday,1610612745,HOU,78,16.3,2.4,5.3,0.446,1.1,2.8,0.387,0.7,0.8,0.921,0.3,1.3,1.6,1.8,0.5,0.1,0.7,6.6,6.9
1631223,198,David Roddy,1610612756,PHX,65,18.1,2.5,6.3,0.403,0.7,2.5,0.293,0.7,1.0,0.691,0.8,2.4,3.2,1.2,0.4,0.2,0.9,6.5,6.6
201145,199,Jeff Green,1610612745,HOU,78,16.8,2.1,4.7,0.456,0.7,2.1,0.331,1.6,1.9,0.819,0.6,1.7,2.3,0.9,0.2,0.4,0.6,6.5,6.8
203937,200,Kyle Anderson,1610612750,MIN,79,22.6,2.5,5.5,0.46,0.1,0.6,0.229,1.2,1.7,0.708,0.8,2.7,3.5,4.2,0.9,0.6,1.2,6.4,10.9
1630543,201,Isaiah Jackson,1610612754,IND,60,12.9,2.6,3.9,0.665,0.0,0.1,0.0,1.2,1.7,0.716,1.6,2.4,4.0,0.8,0.6,1.0,0.7,6.4,10.3
1628464,202,Daniel Theis,1610612746,LAC,60,16.9,2.6,4.9,0.532,0.4,1.2,0.366,0.6,0.8,0.76,1.4,2.7,4.1,1.0,0.4,0.9,0.7,6.3,9.4
201976,203,Patrick Beverley,1610612749,MIL,73,20.0,2.2,5.2,0.417,0.8,2.5,0.337,1.0,1.2,0.822,0.7,2.6,3.3,2.9,0.6,0.4,0.9,6.2,9.2
1629312,204,Haywood Highsmith,1610612748,MIA,66,20.7,2.3,5.0,0.465,1.2,2.9,0.396,0.3,0.5,0.639,1.0,2.2,3.2,1.1,0.8,0.5,0.5,6.1,8.3
1631200,205,Kris Murray,1610612757,POR,62,21.7,2.3,5.9,0.396,0.8,3.0,0.268,0.6,0.9,0.661,1.4,2.2,3.6,1.3,0.9,0.3,0.9,6.1,7.4
1630534,206,Ochai Agbaji,1610612761,TOR,78,21.1,2.3,5.6,0.411,0.8,2.7,0.294,0.5,0.7,0.661,0.9,1.8,2.8,1.1,0.6,0.6,0.8,5.8,6.5
1630700,207,Dyson Daniels,1610612740,NOP,61,22.3,2.3,5.1,0.447,0.7,2.2,0.311,0.6,0.9,0.642,1.0,2.9,3.9,2.7,1.4,0.4,1.0,5.8,10.1
1626204,208,Larry Nance Jr.,1610612740,NOP,61,19.9,2.3,4.0,0.573,0.4,1.1,0.415,0.8,1.0,0.77,1.5,3.5,5.0,1.9,1.0,0.3,0.8,5.7,11.2
1626192,209,Pat Connaughton,1610612749,MIL,76,22.1,2.0,4.6,0.435,1.1,3.1,0.345,0.6,0.8,0.759,0.7,2.5,3.1,2.1,0.5,0.3,0.6,5.6,8.3
1630201,210,Malachi Flynn,1610612765,DET,69,12.7,2.0,4.7,0.418,0.8,2.4,0.331,0.8,1.0,0.732,0.3,1.3,1.7,1.9,0.6,0.1,0.9,5.5,5.8
203926,211,Doug McDermott,1610612754,IND,64,14.1,1.9,4.4,0.433,1.5,3.6,0.41,0.2,0.3,0.579,0.2,0.8,0.9,1.1,0.3,0.0,0.4,5.5,4.7
1629680,212,Matisse Thybulle,1610612757,POR,65,22.9,1.9,4.9,0.397,1.2,3.6,0.346,0.3,0.4,0.759,0.5,1.6,2.1,1.4,1.7,0.8,0.6,5.4,7.8
1627739,213,Kris Dunn,1610612762,UTA,66,18.9,2.2,4.7,0.47,0.6,1.7,0.369,0.3,0.5,0.688,0.8,2.1,2.9,3.8,1.0,0.4,1.2,5.4,9.7
201587,214,Nicolas Batum,1610612755,PHI,60,25.5,1.9,4.3,0.453,1.2,3.1,0.395,0.3,0.4,0.714,1.2,3.0,4.1,2.1,0.8,0.6,0.7,5.3,9.9
1628436,215,Luke Kornet,1610612738,BOS,63,15.6,2.3,3.2,0.7,0.0,0.0,1.0,0.8,0.9,0.907,1.9,2.3,4.1,1.1,0.4,1.0,0.3,5.3,10.5
1630558,216,Davion Mitchell,1610612758,SAC,72,15.3,2.0,4.5,0.452,0.8,2.2,0.361,0.4,0.6,0.714,0.3,1.1,1.3,1.9,0.2,0.0,0.6,5.3,5.5
1631121,217,Bryce McGowens,1610612766,CHA,59,14.9,1.7,3.9,0.439,0.6,1.7,0.333,1.1,1.4,0.776,0.3,1.4,1.7,0.9,0.4,0.2,0.5,5.1,5.2
1629234,218,Drew Eubanks,1610612756,PHX,75,15.6,2.0,3.4,0.601,0.0,0.0,1.0,1.0,1.2,0.774,1.4,2.9,4.3,0.8,0.4,0.8,0.8,5.1,8.9
1629048,219,Goga Bitadze,1610612753,ORL,62,15.4,2.0,3.4,0.603,0.0,0.2,0.143,0.9,1.4,0.655,1.8,2.9,4.6,1.3,0.5,1.2,0.7,5.0,10.0
1628975,220,Jevon Carter,1610612741,CHI,72,13.9,1.9,5.1,0.378,1.1,3.3,0.329,0.1,0.1,0.571,0.2,0.7,0.8,1.3,0.5,0.2,0.5,5.0,4.1
1629726,221,Garrison Mathews,1610612737,ATL,66,15.0,1.6,3.4,0.456,1.3,2.9,0.44,0.5,0.6,0.81,0.3,1.1,1.4,0.6,0.3,0.1,0.3,4.9,5.0
1629026,222,Kenrich Williams,1610612760,OKC,69,14.9,1.9,4.1,0.468,0.8,2.0,0.397,0.1,0.2,0.5,0.9,2.1,3.0,1.3,0.6,0.1,0.5,4.7,7.0
1629006,223,Josh Okogie,1610612756,PHX,60,16.0,1.4,3.4,0.417,0.5,1.6,0.309,1.3,1.7,0.745,1.2,1.3,2.6,1.1,0.8,0.4,0.6,4.6,6.4
1641710,224,Anthony Black,1610612753,ORL,69,16.9,1.7,3.6,0.466,0.5,1.4,0.394,0.7,1.2,0.613,0.5,1.5,2.0,1.3,0.5,0.3,0.8,4.6,5.6
1626172,225,Kevon Looney,1610612744,GSW,74,16.1,1.9,3.1,0.597,0.0,0.0,0.0,0.8,1.1,0.675,1.9,3.7,5.7,1.8,0.4,0.4,0.7,4.5,10.4
1631104,226,Blake Wesley,1610612759,SAS,61,14.4,1.7,3.5,0.474,0.2,0.9,0.218,0.9,1.3,0.667,0.3,1.2,1.5,2.7,0.5,0.1,0.9,4.4,6.1
204060,227,Joe Ingles,1610612753,ORL,68,17.2,1.5,3.3,0.436,1.0,2.4,0.435,0.4,0.5,0.824,0.3,1.8,2.1,3.0,0.6,0.1,1.0,4.4,7.2
1629637,228,Jaxson Hayes,1610612747,LAL,70,12.5,1.8,2.5,0.72,0.0,0.1,0.0,0.7,1.2,0.622,1.0,2.0,3.0,0.5,0.5,0.4,0.6,4.3,7.0
1631216,229,Caleb Houstan,1610612753,ORL,59,13.8,1.4,3.5,0.388,1.2,3.3,0.373,0.4,0.4,0.808,0.5,0.9,1.4,0.5,0.3,0.1,0.3,4.3,4.0
1631108,230,Max Christie,1610612747,LAL,67,14.1,1.5,3.6,0.427,0.6,1.8,0.356,0.5,0.7,0.783,0.2,1.9,2.1,0.9,0.3,0.3,0.5,4.2,5.1
1628972,231,Troy Brown Jr.,1610612765,DET,59,14.0,1.4,3.8,0.372,0.8,2.4,0.333,0.5,0.6,0.865,0.4,2.0,2.4,1.0,0.4,0.1,0.5,4.2,5.1
1630256,232,Jae'Sean Tate,1610612745,HOU,65,15.9,1.7,3.5,0.472,0.4,1.2,0.299,0.4,0.6,0.667,0.9,2.1,3.0,1.0,0.6,0.2,0.6,4.1,6.3
203200,233,Justin Holiday,1610612743,DEN,58,14.9,1.5,3.3,0.454,0.9,2.3,0.404,0.1,0.1,0.75,0.2,1.1,1.2,1.2,0.6,0.2,0.2,4.0,5.1
1631119,234,Jaylin Williams,1610612760,OKC,69,13.0,1.4,3.3,0.417,0.8,2.1,0.368,0.5,0.6,0.805,0.5,2.9,3.4,1.6,0.4,0.4,0.5,4.0,7.2
1630537,235,Chris Duarte,1610612758,SAC,59,12.2,1.4,3.6,0.381,0.7,2.2,0.346,0.4,0.6,0.788,0.4,1.4,1.8,0.7,0.5,0.1,0.4,3.9,4.3
1630231,236,KJ Martin,1610612755,PHI,60,12.5,1.6,3.0,0.536,0.1,0.5,0.286,0.4,0.7,0.537,0.7,1.5,2.2,0.9,0.4,0.2,0.5,3.7,5.1
203939,237,Dwight Powell,1610612742,DAL,63,13.3,1.1,1.7,0.679,0.0,0.0,0.333,1.0,1.4,0.708,1.5,1.9,3.4,1.3,0.4,0.3,0.5,3.3,7.3
1630192,238,Zeke Nnaji,1610612743,DEN,58,9.9,1.2,2.6,0.463,0.1,0.4,0.261,0.7,1.1,0.677,1.1,1.1,2.2,0.6,0.3,0.7,0.5,3.2,4.7
1630550,239,JT Thor,1610612766,CHA,63,12.4,1.3,2.9,0.437,0.4,1.3,0.346,0.2,0.3,0.55,0.7,1.6,2.3,0.5,0.2,0.4,0.2,3.2,4.5
1631207,240,Dalen Terry,1610612741,CHI,59,11.5,1.2,2.7,0.439,0.3,1.3,0.23,0.4,0.7,0.581,0.5,1.4,1.9,1.4,0.5,0.3,0.5,3.1,4.8
