RK,Name,POS,GP,MIN,PTS,FGM,FGA,FG%,3PM,3PA,3P%,FTM,FTA,FT%,REB,AST,STL,BLK,TO,DD2,TD3
1,Luka DoncicDAL,PG,70,37.5,33.9,11.5,23.6,48.7,4.1,10.6,38.2,6.8,8.7,78.6,9.2,9.8,1.4,0.5,4.0,49,21
2,Giannis AntetokounmpoMIL,PF,73,35.2,30.4,11.5,18.8,61.1,0.5,1.7,27.4,7.0,10.7,65.7,11.5,6.5,1.2,1.1,3.4,57,10
3,Shai Gilgeous-AlexanderOKC,PG,75,34.0,30.1,10.6,19.8,53.5,1.3,3.6,35.3,7.6,8.7,87.4,5.5,6.2,2.0,0.9,2.2,8,0
4,Jalen BrunsonNY,PG,77,35.4,28.7,10.3,21.4,47.9,2.7,6.8,40.1,5.5,6.5,84.7,3.6,6.7,0.9,0.2,2.4,9,0
5,Kevin DurantPHX,PF,75,37.2,27.1,10.0,19.1,52.3,2.2,5.4,41.3,4.8,5.6,85.6,6.6,5.0,0.9,1.2,3.3,14,1
6,Devin BookerPHX,SG,68,36.0,27.1,9.4,19.2,49.2,2.2,6.1,36.4,6.0,6.7,88.6,4.5,6.9,0.9,0.4,2.6,13,0
7,Jayson TatumBOS,SF,74,35.7,26.9,9.1,19.3,47.1,3.1,8.2,37.6,5.6,6.7,83.3,8.1,4.9,1.0,0.6,2.5,25,0
8,De'Aaron FoxSAC,PG,74,35.9,26.6,9.7,20.9,46.5,2.9,7.8,36.9,4.2,5.7,73.8,4.6,5.6,2.0,0.4,2.6,6,0
9,Stephen CurryGS,PG,74,32.7,26.4,8.8,19.5,45.0,4.8,11.8,40.8,4.0,4.4,92.3,4.5,5.1,0.7,0.4,2.8,7,0
10,Nikola JokicDEN,C,79,34.6,26.4,10.4,17.9,58.3,1.1,2.9,35.9,4.5,5.5,81.7,12.4,9.0,1.4,0.9,3.0,68,25
11,Tyrese MaxeyPHI,PG,70,37.5,25.9,9.1,20.3,45.0,3.0,8.1,37.3,4.7,5.4,86.8,3.7,6.2,1.0,0.5,1.7,9,0
12,Anthony EdwardsMIN,SG,79,35.1,25.9,9.1,19.7,46.1,2.4,6.7,35.7,5.4,6.4,83.6,5.4,5.1,1.3,0.5,3.1,9,0
13,LeBron JamesLAL,SF,71,35.3,25.7,9.6,17.9,54.0,2.1,5.1,41.0,4.3,5.7,75.0,7.3,8.3,1.3,0.5,3.5,27,5
14,Kyrie IrvingDAL,PG,58,35.0,25.6,9.7,19.5,49.7,3.0,7.3,41.1,3.3,3.6,90.5,5.0,5.2,1.3,0.5,1.8,5,0
15,Anthony DavisLAL,PF,76,35.5,24.7,9.4,16.9,55.6,0.4,1.4,27.1,5.5,6.8,81.6,12.6,3.5,1.2,2.3,2.1,64,2
16,Damian LillardMIL,PG,73,35.3,24.3,7.4,17.5,42.4,3.0,8.5,35.4,6.5,7.0,92.0,4.4,7.0,1.0,0.2,2.6,12,0
17,DeMar DeRozanCHI,SF,79,37.8,24.0,8.2,17.2,48.0,0.9,2.8,33.3,6.6,7.7,85.3,4.3,5.3,1.1,0.6,1.7,7,0
18,Kawhi LeonardLAC,SF,68,34.3,23.7,9.0,17.1,52.5,2.1,4.9,41.7,3.7,4.2,88.5,6.1,3.6,1.6,0.9,1.8,4,1
19,Jaylen BrownBOS,SG,70,33.5,23.0,9.0,17.9,49.9,2.1,5.9,35.4,3.0,4.3,70.3,5.5,3.6,1.2,0.5,2.4,6,1
20,Zion WilliamsonNO,PF,70,31.5,22.9,8.9,15.6,57.0,0.1,0.3,33.3,5.0,7.1,70.2,5.8,5.0,1.1,0.7,2.8,12,0
21,Cade CunninghamDET,PG,62,33.5,22.7,8.5,18.8,44.9,1.9,5.4,35.5,3.8,4.4,86.9,4.3,7.5,0.9,0.4,3.4,14,0
22,Paul GeorgeLAC,F,74,33.8,22.6,7.9,16.7,47.1,3.3,7.9,41.3,3.6,3.9,90.7,5.2,3.5,1.5,0.5,2.1,3,0
23,Paolo BancheroORL,PF,80,35.0,22.6,8.0,17.6,45.5,1.5,4.4,33.9,5.1,7.0,72.5,6.9,5.4,0.9,0.6,3.1,16,2
24,Jaren Jackson Jr.MEM,PF,66,32.2,22.5,7.8,17.6,44.4,1.8,5.5,32.0,5.1,6.3,80.8,5.5,2.3,1.2,1.6,2.4,5,0
25,Dejounte MurrayATL,SG,78,35.7,22.5,8.6,18.8,45.9,2.6,7.1,36.3,2.7,3.4,79.4,5.3,6.4,1.4,0.3,2.6,20,1
26,Cam ThomasBKN,SG,66,31.4,22.5,8.0,18.0,44.2,2.2,6.0,36.4,4.3,5.1,85.6,3.2,2.9,0.7,0.2,1.9,0,0
27,Kyle KuzmaWSH,SF,70,32.6,22.2,8.7,18.8,46.3,2.2,6.4,33.6,2.7,3.4,77.5,6.6,4.2,0.5,0.7,2.7,14,0
28,Karl-Anthony TownsMIN,C,62,32.7,21.8,7.7,15.3,50.4,2.2,5.3,41.6,4.1,4.7,87.3,8.3,3.0,0.7,0.7,2.9,22,0
29,Pascal SiakamIND/TOR,PF,80,33.2,21.7,8.5,15.9,53.6,1.1,3.1,34.6,3.6,5.0,73.2,7.1,4.3,0.8,0.3,1.8,15,1
30,Victor WembanyamaSA,C,71,29.7,21.4,7.8,16.7,46.5,1.8,5.5,32.5,4.1,5.2,79.6,10.6,3.9,1.2,3.6,3.7,43,2
31,Jamal MurrayDEN,PG,59,31.5,21.2,8.0,16.7,48.1,2.5,5.8,42.5,2.7,3.1,85.3,4.1,6.5,1.0,0.7,2.1,11,0
32,Alperen SengunHOU,C,63,32.5,21.1,8.4,15.6,53.7,0.5,1.8,29.7,3.9,5.6,69.3,9.3,5.0,1.2,0.7,2.6,29,2
33,Miles BridgesCHA,SF,69,37.4,21.0,8.1,17.5,46.2,2.3,6.5,34.9,2.5,3.1,82.5,7.3,3.3,0.9,0.5,2.0,19,0
34,Brandon IngramNO,SF,64,32.9,20.8,7.8,15.9,49.2,1.3,3.8,35.5,3.8,4.8,80.1,5.1,5.7,0.8,0.6,2.5,3,1
35,Jimmy ButlerMIA,SF,60,34.0,20.8,6.6,13.2,49.9,1.0,2.4,41.4,6.6,7.7,85.8,5.3,5.0,1.3,0.3,1.7,5,1
36,RJ BarrettTOR/NY,SG,58,31.7,20.2,7.5,15.2,49.5,1.6,4.3,36.0,3.6,5.0,71.5,5.4,3.3,0.5,0.4,2.2,2,0
37,Tyrese HaliburtonIND,PG,69,32.2,20.1,7.2,15.2,47.7,2.8,7.8,36.4,2.8,3.3,85.5,3.9,10.9,1.2,0.7,2.3,44,1
38,CJ McCollumNO,SG,66,32.7,20.0,7.3,16.0,45.9,3.6,8.4,42.9,1.7,2.1,82.7,4.3,4.6,0.9,0.6,1.7,2,0
39,Scottie BarnesTOR,SF,60,34.9,19.9,7.5,15.7,47.5,1.7,4.9,34.1,3.3,4.2,78.1,8.2,6.1,1.3,1.5,2.8,25,4
40,Terry RozierMIA/CHA,SG,61,33.4,19.8,7.2,16.4,44.3,2.4,6.7,36.3,2.8,3.2,86.9,4.0,5.6,1.0,0.3,1.7,4,0
41,Franz WagnerORL,SF,72,32.5,19.7,7.3,15.2,48.2,1.3,4.6,28.1,3.8,4.4,85.0,5.3,3.7,1.1,0.4,1.9,0,0
42,Jalen GreenHOU,SG,82,31.7,19.6,6.9,16.2,42.3,2.5,7.4,33.2,3.5,4.3,80.4,5.2,3.5,0.8,0.3,2.3,7,1
43,Mikal BridgesBKN,SF,82,34.8,19.6,6.9,15.8,43.6,2.7,7.2,37.2,3.1,3.9,81.4,4.5,3.6,1,0.4,2,3,0
44,Devin VassellSA,SG,68,33.1,19.5,7.3,15.5,47.2,2.4,6.6,37.2,2.4,3,80.1,3.8,4.1,1.1,0.3,1.6,0,0
45,Domantas SabonisSAC,PF,82,35.7,19.4,7.7,13,59.4,0.4,1.1,37.9,3.6,5.1,70.4,13.7,8.2,0.9,0.6,3.3,77,26
46,Bam AdebayoMIA,C,71,34,19.3,7.5,14.3,52.1,0.2,0.6,35.7,4.1,5.5,75.5,10.4,3.9,1.1,0.9,2.3,42,2
47,Coby WhiteCHI,PG,79,36.5,19.1,6.8,15.3,44.7,2.6,7,37.6,2.8,3.3,83.8,4.5,5.1,0.7,0.2,2.1,5,0
48,Jalen WilliamsOKC,F,71,31.3,19.1,7.5,14,54,1.5,3.4,42.7,2.5,3.1,81.4,4,4.5,1.1,0.6,1.7,3,0
49,Collin SextonUTAH,PG,78,26.6,18.7,6.5,13.3,48.7,1.6,4.2,39.4,4.1,4.7,85.9,2.6,4.9,0.8,0.2,2.1,4,0
50,Nikola VucevicCHI,C,76,34.3,18,7.7,15.9,48.4,1.2,4.1,29.4,1.4,1.7,82.2,10.5,3.3,0.7,0.8,1.6,45,0
51,D'Angelo RussellLAL,PG,76,32.7,18,6.5,14.2,45.6,3,7.2,41.5,2.1,2.5,82.8,3.1,6.3,0.9,0.5,2.1,10,0
52,Klay ThompsonGS,SG,77,29.7,17.9,6.4,14.7,43.2,3.5,9,38.7,1.6,1.8,92.7,3.3,2.3,0.6,0.5,1.5,0,0
53,Fred VanVleetHOU,PG,73,36.8,17.4,5.8,13.9,41.6,3.1,8,38.7,2.7,3.1,86,3.8,8.1,1.4,0.8,1.7,20,0
54,Jordan PooleWSH,SG,78,30.1,17.4,6.3,15.2,41.3,2.4,7.2,32.6,2.5,2.8,87.7,2.7,4.4,1.1,0.3,2.4,4,0
55,Brandon MillerCHA,F,74,32.2,17.3,6.4,14.6,44,2.5,6.7,37.3,1.9,2.3,82.7,4.3,2.4,0.9,0.6,1.8,1,0
56,Tobias HarrisPHI,F,70,33.8,17.2,6.6,13.6,48.7,1.3,3.7,35.3,2.7,3,87.8,6.5,3.1,1,0.7,1.3,9,0
57,Myles TurnerIND,C,77,27,17.1,6.2,11.8,52.4,1.5,4.2,35.8,3.2,4.1,77.3,6.9,1.3,0.5,1.9,1.4,17,0
58,Immanuel QuickleyTOR/NY,SG,68,29.2,17,5.7,13.1,43.4,2.5,6.4,39.5,3.1,3.6,85.3,3.8,4.9,0.7,0.1,1.5,8,0
59,Bogdan BogdanovicATL,SG,79,30.4,16.9,6,13.9,42.8,3,8.1,37.4,1.9,2.1,92.1,3.4,3.1,1.2,0.3,1.4,1,0
60,Michael Porter Jr.DEN,SF,81,31.7,16.7,6.4,13.3,48.4,2.7,6.8,39.7,1.1,1.4,83.6,7,1.5,0.5,0.7,1.1,14,0
61,James HardenLAC,SG,72,34.3,16.6,4.9,11.4,42.8,2.6,6.8,38.1,4.2,4.8,87.8,5.1,8.5,1.1,0.8,2.6,23,3
62,Chet HolmgrenOKC,PF,82,29.4,16.5,6.2,11.6,53,1.6,4.3,37,2.7,3.4,79.3,7.9,2.4,0.6,2.3,1.6,23,0
63,Jarrett AllenCLE,C,77,31.7,16.5,6.7,10.6,63.4,0,0.1,0,3,4.1,74.2,10.5,2.7,0.7,1.1,1.6,42,0
64,Jonathan KumingaGS,PF,74,26.4,16.1,6.2,11.6,52.9,0.7,2.2,32.1,3,4,74.6,4.8,2.2,0.7,0.5,1.6,5,0
65,Austin ReavesLAL,SG,82,32.1,15.9,5.6,11.5,48.6,1.9,5.1,36.7,2.8,3.3,85.3,4.3,5.5,0.8,0.3,2.1,9,1
66,Keldon JohnsonSA,SF,69,29.5,15.7,5.7,12.5,45.4,1.8,5.3,34.6,2.5,3.2,79.2,5.5,2.8,0.7,0.3,1.4,9,0
67,Donte DiVincenzoNY,SG,81,29.1,15.5,5.5,12.4,44.3,3.5,8.7,40.1,1.1,1.4,75.4,3.7,2.7,1.3,0.4,1.4,0,0
68,Kelly Oubre Jr.PHI,SG,68,30.2,15.4,5.7,12.9,44.1,1.5,4.8,31.1,2.6,3.4,75,5,1.5,1.1,0.7,1.3,4,0
69,Malik MonkSAC,SG,72,26,15.4,5.5,12.4,44.3,2.1,5.9,35,2.4,2.8,82.9,2.9,5.1,0.6,0.5,2.1,2,0
70,Jaden IveyDET,PG,77,28.8,15.4,5.4,12.6,42.9,1.6,4.8,33.6,2.9,3.9,74.9,3.4,3.8,0.7,0.5,2.5,2,0
71,Keegan MurraySAC,SF,77,33.6,15.2,5.8,12.7,45.4,2.4,6.6,35.8,1.3,1.6,83.1,5.5,1.7,1,0.8,0.8,8,0
72,Derrick WhiteBOS,PG,73,32.6,15.2,5.3,11.5,46.1,2.7,6.8,39.6,1.9,2.1,90.1,4.2,5.2,1,1.2,1.5,5,1
73,John CollinsUTAH,PF,68,28,15.1,5.8,11,53.2,1.3,3.4,37.1,2.2,2.7,79.5,8.5,1.1,0.6,0.9,1.4,24,0
74,Deni AvdijaWSH,SF,75,30.1,14.7,5.4,10.7,50.6,1.2,3.1,37.4,2.7,3.6,73.9,7.2,3.8,0.8,0.5,2.1,18,0
75,Bennedict MathurinIND,SG,59,26.1,14.5,5,11.2,44.6,1.4,3.6,37.4,3.1,3.8,82.1,4,2,0.6,0.2,1.6,3,0
76,Tim Hardaway Jr.DAL,SF,79,26.8,14.4,5,12.4,40.2,2.7,7.6,35.3,1.8,2.1,85.2,3.2,1.8,0.5,0.1,0.9,0,0
77,Dennis SchroderTOR/BKN,PG,80,31.1,14,5,11.6,43.5,1.7,4.6,37.5,2.2,2.7,83.6,3,6.1,0.8,0.2,1.9,8,0
78,Caris LeVertCLE,SG,68,28.8,14,5.1,12.1,42.1,1.6,4.9,32.5,2.3,3,76.6,4.1,5.1,1.1,0.5,1.7,6,0
78,Scoot HendersonPOR,G,62,28.5,14,5,12.9,38.5,1.4,4.3,32.5,2.7,3.3,81.9,3.1,5.4,0.8,0.2,3.4,8,0
80,Rudy GobertMIN,C,76,34.1,14,5.3,8.1,66.1,0,0,0,3.3,5.1,63.8,12.9,1.3,0.7,2.1,1.6,54,0
81,Norman PowellLAC,G,76,26.2,13.9,4.9,10.1,48.6,2.2,5.1,43.5,1.9,2.3,83.1,2.6,1.1,0.6,0.3,0.9,0,0
82,Aaron GordonDEN,PF,73,31.5,13.9,5.5,9.8,55.6,0.5,1.9,29,2.4,3.7,65.8,6.5,3.5,0.8,0.6,1.4,12,0
83,Jalen DurenDET,C,61,29.1,13.8,5.7,9.2,61.9,0,0.1,0,2.3,3,79,11.6,2.4,0.5,0.8,2.1,44,0
84,Bobby PortisMIL,F,82,24.5,13.8,5.7,11.2,50.8,1.2,3,40.7,1.2,1.5,79,7.4,1.3,0.8,0.4,1.1,17,0
85,Jabari Smith Jr.HOU,PF,76,31.9,13.7,5,11,45.4,1.8,5,36.3,2,2.4,81.1,8.1,1.6,0.7,0.8,1.2,16,0
86,Gary Trent Jr.TOR,SG,71,28.1,13.7,5.1,11.9,42.6,2.5,6.4,39.3,1,1.4,77.1,2.6,1.7,1.1,0.1,0.7,1,0
87,Saddiq BeyATL,SF,63,32.7,13.7,4.6,11.1,41.6,1.8,5.7,31.6,2.7,3.2,83.7,6.5,1.5,0.8,0.2,0.9,8,0
88,Rui HachimuraLAL,PF,68,26.8,13.6,5.3,9.9,53.7,1.4,3.4,42.2,1.5,2,73.9,4.3,1.2,0.6,0.4,0.7,4,0
89,Grayson AllenPHX,SG,75,33.5,13.5,4.5,9.1,49.9,2.7,5.9,46.1,1.7,2,87.8,3.9,3,0.9,0.6,1.3,1,0
90,Naz ReidMIN,C,81,24.2,13.5,5,10.5,47.7,2.1,5,41.4,1.3,1.8,73.6,5.2,1.3,0.8,0.9,1.4,6,0
91,Cameron JohnsonBKN,SF,58,27.6,13.4,4.8,10.7,44.6,2.4,6.1,39.1,1.5,1.9,78.9,4.3,2.4,0.8,0.3,1,1,0
92,Corey KispertWSH,SF,80,25.8,13.4,4.8,9.9,48.6,2.3,6,38.3,1.4,2,72.6,2.8,2,0.5,0.2,1.2,1,0
93,Andrew WigginsGS,SF,71,27,13.2,5,11,45.3,1.3,3.6,35.8,2,2.7,75.1,4.5,1.7,0.6,0.6,1.2,3,0
94,Keyonte GeorgeUTAH,G,75,27,13,4.3,10.9,39.1,2,5.9,33.4,2.5,3,84.8,2.8,4.4,0.5,0.1,2.5,1,0
95,Duncan RobinsonMIA,F,68,28,12.9,4.5,9.9,45,2.8,7,39.5,1.2,1.3,88.9,2.5,2.8,0.7,0.2,1.4,0,0
96,P.J. WashingtonDAL/CHA,PF,73,30.4,12.9,4.8,11.1,43.7,1.8,5.7,32,1.4,2,68.3,5.6,1.9,1,0.8,1.3,4,0
97,Dillon BrooksHOU,SF,72,30.9,12.7,4.6,10.7,42.8,1.8,5.1,35.9,1.7,2,84.4,3.4,1.7,0.9,0.1,1.2,1,0
98,Jalen SuggsORL,SG,75,27,12.6,4.5,9.5,47.1,2,5.1,39.7,1.6,2.1,75.6,3.1,2.7,1.4,0.6,1.8,0,0
99,Brook LopezMIL,C,79,30.5,12.5,4.6,9.6,48.5,1.9,5.1,36.6,1.4,1.7,82.1,5.2,1.6,0.5,2.4,1,5,0
100,Jrue HolidayBOS,PG,69,32.8,12.5,4.8,10,48,2,4.7,42.9,0.9,1,83.3,5.4,4.8,0.9,0.8,1.8,7,0
101,Josh GiddeyOKC,SG,80,25.2,12.3,5,10.6,47.5,1,3,33.7,1.3,1.6,80.6,6.4,4.8,0.7,0.6,2.1,10,3
102,Jonas ValanciunasNO,C,82,23.5,12.2,4.9,8.8,55.9,0.5,1.5,30.8,2,2.5,78.5,8.8,2.1,0.4,0.8,1.4,33,0
103,Harrison BarnesSAC,SF,82,29,12.2,4.2,8.9,47.4,1.8,4.7,38.7,1.9,2.4,80.1,3,1.2,0.7,0.1,0.7,0,0
104,Max StrusCLE,SG,70,32,12.2,4.3,10.4,41.8,2.4,6.8,35.1,1.1,1.4,79.4,4.8,4,0.9,0.4,1.6,5,1
105,Aaron NesmithIND,SF,72,27.7,12.2,4.4,8.8,49.6,1.9,4.6,41.9,1.5,1.9,78.1,3.8,1.5,0.9,0.7,0.9,1,0
106,Ayo DosunmuCHI,SG,76,29.1,12.2,4.7,9.5,50.1,1.6,3.9,40.3,1.1,1.4,81,2.8,3.2,0.9,0.5,1.4,1,0
107,Buddy HieldIND/PHI,SG,84,25.7,12.1,4.4,10.1,43.6,2.6,6.8,38.6,0.6,0.7,88.1,3.2,2.8,0.8,0.5,1.2,1,0
108,Tyus JonesWSH,PG,66,29.3,12,4.9,10.1,48.9,1.6,3.9,41.4,0.5,0.6,80,2.7,7.3,1.1,0.3,1,9,1
109,Jaime Jaquez Jr.MIA,G,75,28.2,11.9,4.5,9.3,48.9,0.9,2.7,32.2,1.9,2.3,81.1,3.8,2.6,1,0.3,1.5,1,0
110,Nic ClaxtonBKN,C,71,29.8,11.8,5.2,8.2,62.9,0,0.1,20,1.5,2.8,55.1,9.9,2.1,0.6,2.1,1.3,30,0
111,Ivica ZubacLAC,C,68,26.4,11.7,5,7.6,64.9,0,0,0,1.8,2.4,72.3,9.2,1.4,0.3,1.2,1.2,23,0
112,Jeremy SochanSA,F,74,29.6,11.6,4.6,10.5,43.8,0.9,3.1,30.8,1.5,1.9,77.1,6.4,3.4,0.8,0.5,1.9,7,0
113,Cole AnthonyORL,PG,81,22.4,11.6,4.1,9.4,43.5,1.1,3.4,33.8,2.2,2.7,82.6,3.8,2.9,0.8,0.5,1.6,3,0
114,Clint CapelaATL,C,73,25.8,11.5,4.8,8.5,57.1,0,0,0,1.8,2.8,63.1,10.6,1.2,0.6,1.5,1,38,0
115,Mike ConleyMIN,PG,76,28.9,11.4,3.9,8.5,45.7,2.4,5.3,44.2,1.3,1.5,91.1,2.9,5.9,1.2,0.2,1.3,5,0
116,Malik BeasleyMIL,SG,79,29.6,11.3,4.1,9.1,44.3,2.8,6.9,41.3,0.3,0.4,71.4,3.7,1.4,0.7,0.1,0.7,1,0
117,Zach CollinsSA,PF,69,22.1,11.2,4.3,8.9,48.4,0.8,2.6,32,1.8,2.3,75.3,5.4,2.8,0.5,0.8,1.9,3,0
118,Russell WestbrookLAC,PG,68,22.5,11.1,4.4,9.8,45.4,0.6,2.3,27.3,1.6,2.4,68.8,5,4.5,1.1,0.3,2.1,8,1
119,Eric GordonPHX,SG,68,27.8,11,4,9.1,44.3,2.2,5.8,37.8,0.8,0.9,79.7,1.8,2,1,0.4,1.1,0,0
120,Herbert JonesNO,SF,76,30.5,11,3.9,7.7,49.8,1.5,3.6,41.8,1.8,2.1,86.7,3.6,2.6,1.4,0.8,1.2,0,0
121,Daniel GaffordWSH/DAL,C,74,24.5,11,4.7,6.5,72.5,0,0,0,1.6,2.4,67.4,7.6,1.6,0.9,2.1,1,15,0
122,Jusuf NurkicPHX,C,76,27.3,10.9,4.2,8.3,51,0.3,1.2,24.4,2.2,3.4,64,11,4,1.1,1.1,2.3,28,0
123,Luguentz DortOKC,G,79,28.4,10.9,3.6,8.3,43.8,2,5,39.4,1.6,2,82.6,3.6,1.4,0.9,0.6,0.9,0,0
124,Moritz WagnerORL,C,80,17.7,10.9,4.2,6.9,60.1,0.5,1.4,33,2.1,2.6,81.4,4.3,1.2,0.5,0.3,1.2,3,0
125,Bruce BrownIND/TOR,SF,67,27.8,10.8,4.1,8.7,47.8,0.8,2.4,32.3,1.7,2.1,82.4,4.2,2.9,0.9,0.3,1.3,2,0
126,Santi AldamaMEM,PF,61,26.5,10.7,4,9.3,43.5,1.7,5,34.9,0.9,1.4,62.1,5.8,2.3,0.7,0.9,1.1,5,0
127,Jaden McDanielsMIN,PF,72,29.2,10.5,4.3,8.7,48.9,1.2,3.5,33.7,0.8,1.1,72.2,3.1,1.4,0.9,0.6,1.2,0,0
128,Simone FontecchioUTAH/DET,F,66,24.9,10.5,3.8,8.3,46,2,5.1,40.1,0.8,1,81.8,3.7,1.5,0.7,0.3,1,0,0
129,Spencer DinwiddieLAL/BKN,PG,76,28.3,10.5,3.3,8.4,39.2,1.6,4.8,33.7,2.2,2.8,80.5,2.7,4.7,0.7,0.3,1.2,4,0
130,Alec BurksNY/DET,SG,66,18.4,10.4,3.2,8.6,36.9,1.9,5,37.6,2.2,2.5,86.8,2.3,1.3,0.4,0.2,0.7,0,0
131,Grant WilliamsDAL/CHA,PF,76,28,10.3,3.6,8,45.6,1.7,4.4,37.5,1.4,1.8,75.7,4.2,2.3,0.6,0.5,1.4,2,0
132,Obi ToppinIND,PF,82,21.1,10.3,4,7.1,57.3,1.2,3.1,40.3,0.9,1.2,77,3.9,1.6,0.6,0.5,0.8,1,0
133,T.J. McConnellIND,PG,71,18.2,10.2,4.6,8.4,55.6,0.3,0.6,40.9,0.7,0.9,79,2.7,5.5,1,0.1,1.5,4,0
134,Kevin HuerterSAC,SG,64,24.4,10.2,3.9,8.8,44.3,1.9,5.3,36.1,0.6,0.7,76.6,3.5,2.6,0.7,0.4,0.8,2,0
135,Reggie JacksonDEN,PG,82,22.2,10.2,4,9.2,43.1,1.2,3.5,35.9,1,1.2,80.6,1.9,3.8,0.5,0.1,1.3,2,0
136,Kentavious Caldwell-PopeDEN,SG,76,31.6,10.1,3.6,7.7,46,1.6,4.1,40.6,1.3,1.5,89.4,2.4,2.4,1.3,0.6,1,0,0
137,Alex CarusoCHI,SG,71,28.7,10.1,3.6,7.6,46.8,1.9,4.7,40.8,1,1.4,76,3.8,3.5,1.7,1,1.4,1,0
138,Tre JonesSA,PG,77,27.8,10,3.9,7.8,50.5,0.8,2.5,33.5,1.3,1.5,85.6,3.8,6.2,1,0.1,1.5,5,1
139,Caleb MartinMIA,SF,64,27.5,10,3.8,8.7,43.1,1.3,3.6,34.9,1.2,1.5,77.8,4.4,2.2,0.7,0.5,1.2,2,0
140,Jalen SmithIND,PF,61,17.2,9.9,3.8,6.5,59.2,1,2.4,42.4,1.2,1.7,69.2,5.5,1,0.3,0.6,0.7,5,0
141,Kelly OlynykUTAH/TOR,PF,78,22.6,9.8,3.5,6.4,55.5,0.8,2,38.7,1.9,2.3,83.3,5.3,4.4,0.9,0.4,1.9,6,0
142,Lonnie Walker IVBKN,G,58,17.4,9.7,3.6,8.5,42.3,1.8,4.7,38.4,0.8,1,76.3,2.2,1.3,0.6,0.3,0.9,0,0
143,Nick RichardsCHA,C,67,26.3,9.7,3.9,5.6,69.1,0,0,0,2,2.7,73.7,8,0.8,0.4,1.1,1.1,19,0
144,Payton PritchardBOS,PG,82,22.3,9.6,3.6,7.7,46.8,1.8,4.7,38.5,0.6,0.7,82.1,3.2,3.4,0.5,0.1,0.7,3,0
145,Amen ThompsonHOU,F,62,22.4,9.5,3.9,7.2,53.6,0.1,0.9,13.8,1.7,2.5,68.4,6.6,2.6,1.3,0.6,1.5,13,1
146,Josh HartNY,SG,81,33.4,9.4,3.6,8.4,43.4,1,3.2,31,1.1,1.4,79.1,8.3,4.1,0.9,0.3,1.5,21,6
147,Isaac OkoroCLE,SF,69,27.3,9.4,3.4,7,49,1.2,3.1,39.1,1.3,2,67.9,3,1.9,0.8,0.5,0.8,0,0
148,Georges NiangCLE,SF,82,22.3,9.4,3.5,7.7,44.9,1.8,4.8,37.6,0.6,0.7,85,3.4,1.2,0.4,0.2,0.9,0,0
149,Brandin PodziemskiGS,G,74,26.6,9.2,3.7,8.1,45.4,1.2,3.2,38.5,0.7,1.1,63.3,5.8,3.7,0.8,0.2,1.2,7,0
150,Andrew NembhardIND,PG,68,25,9.2,3.8,7.7,49.8,0.9,2.5,35.7,0.7,0.8,80.4,2.1,4.1,0.9,0.1,1.5,1,0
151,Malaki BranhamSA,G,75,21.3,9.2,3.6,8.4,43.2,1.2,3.6,34.7,0.7,0.8,87.3,2,2.1,0.4,0.1,1.2,0,0
152,Chris PaulGS,PG,58,26.4,9.2,3.6,8.1,44.1,1.3,3.6,37.1,0.7,0.9,82.7,3.9,6.8,1.2,0.1,1.3,5,0
153,Duop ReathPOR,C,68,17.9,9.1,3.4,7.3,46.1,1.3,3.6,35.9,1,1.4,74.2,3.7,1,0.5,0.6,0.8,1,0
154,Sam HauserBOS,SF,79,22,9,3.2,7.1,44.6,2.5,5.9,42.4,0.2,0.2,89.5,3.5,1,0.5,0.3,0.4,0,0
155,Taurean PrinceLAL,PF,78,27,8.9,3.2,7.3,44.2,1.8,4.6,39.6,0.6,0.9,73.5,2.9,1.5,0.7,0.4,0.9,0,0
156,Jabari WalkerPOR,F,72,23.6,8.9,3.3,7.1,46,0.6,1.9,29.5,1.8,2.4,75.4,7.1,1,0.6,0.3,0.9,11,0
157,Ausar ThompsonDET,F,63,25.1,8.8,3.7,7.6,48.3,0.3,1.8,18.6,1.1,1.9,59.7,6.4,1.9,1.1,0.9,1.3,2,0
158,Terance MannLAC,SG,75,25,8.8,3.4,6.6,51.5,0.9,2.7,34.8,1.1,1.3,83.2,3.4,1.6,0.6,0.2,0.6,2,0
159,Al HorfordBOS,C,65,26.8,8.6,3.3,6.4,51.1,1.7,4,41.9,0.4,0.5,86.7,6.4,2.6,0.6,1,0.7,3,0
160,Derrick Jones Jr.DAL,SF,76,23.5,8.6,3.1,6.5,48.3,1.1,3.1,34.3,1.3,1.8,71.3,3.3,1,0.7,0.7,0.9,2,0
161,Dorian Finney-SmithBKN,PF,68,28.5,8.5,3.2,7.5,42.1,1.7,4.9,34.8,0.5,0.7,71.7,4.7,1.6,0.8,0.6,0.9,0,0
162,Gradey DickTOR,G,60,21.1,8.5,3.2,7.4,42.5,1.5,4,36.5,0.7,0.9,86.3,2.2,1.1,0.6,0,0.8,0,0
163,Bilal CoulibalyWSH,SG,63,27.2,8.4,3,6.9,43.5,1,2.9,34.6,1.5,2.1,70.2,4.1,1.7,0.9,0.8,1.4,1,0
164,Andre DrummondCHI,C,79,17.1,8.4,3.4,6.1,55.6,0,0,0,1.6,2.8,59.2,9,0.5,0.9,0.6,1,18,0
165,Miles McBrideNY,PG,68,19.5,8.3,3,6.7,45.2,1.6,3.9,41,0.6,0.7,86,1.5,1.7,0.7,0.1,0.4,0,0
166,Marcus SasserDET,G,71,19,8.3,3.1,7.2,42.8,1.3,3.4,37.5,0.8,0.9,87.9,1.8,3.3,0.6,0.2,1.3,1,0
167,Isaiah JoeOKC,SG,78,18.5,8.2,2.8,6.2,45.8,1.9,4.5,41.6,0.6,0.7,86.5,2.3,1.3,0.6,0.3,0.6,0,0
168,Kyle LowryMIA/PHI,PG,60,28.2,8.1,2.7,6.3,43.2,1.6,4.2,39.2,1.1,1.3,84,3.2,4.2,1,0.4,1.4,3,0
169,Walker KesslerUTAH,C,64,23.3,8.1,3.6,5.5,65.4,0.1,0.3,21.1,0.9,1.5,60.2,7.5,0.9,0.5,2.4,1,7,0
170,Moses MoodyGS,SG,66,17.5,8.1,2.9,6.4,46.2,1.1,3,36,1.1,1.4,78.5,3,0.9,0.6,0.4,0.7,0,0
171,Dario SaricGS,PF,64,17.2,8,2.8,6.1,46.6,1.2,3.1,37.6,1.2,1.5,84.9,4.4,2.3,0.5,0.2,1.2,2,0
172,Nickeil Alexander-WalkerMIN,SG,82,23.4,8,2.9,6.6,43.9,1.6,4.1,39.1,0.6,0.8,80,2,2.5,0.8,0.5,0.9,0,0
173,Sam MerrillCLE,SG,61,17.5,8,2.6,6.4,40.2,2.3,5.8,40.4,0.4,0.5,92.9,2,1.8,0.3,0.1,0.3,0,0
174,Trayce Jackson-DavisGS,F,68,16.6,7.9,3.4,4.9,70.2,0,0,0,1.1,1.9,56.1,5,1.2,0.4,1.1,0.7,6,0
175,Jordan HawkinsNO,G,67,17.3,7.8,2.6,6.8,38.2,1.6,4.4,36.6,1,1.2,83.8,2.2,1,0.3,0.1,0.6,0,0
176,Isaiah HartensteinNY,C,75,25.3,7.8,3.1,4.9,64.4,0,0,33.3,1.5,2.1,70.7,8.3,2.5,1.2,1.1,1.2,10,0
177,Royce O'NealeBKN/PHX,PF,79,24.7,7.7,2.7,6.8,39.7,2,5.3,37,0.3,0.4,68.6,4.8,2.8,0.7,0.6,0.9,4,0
178,Precious AchiuwaTOR/NY,PF,74,21.9,7.6,3.2,6.3,50.1,0.4,1.3,26.8,0.9,1.5,61.6,6.6,1.3,0.6,0.9,1.1,9,0
179,Toumani CamaraPOR,F,70,24.8,7.5,2.8,6.3,45,0.8,2.5,33.7,1.1,1.4,75.8,4.9,1.2,0.9,0.5,1.2,2,0
180,Cameron PayneMIL/PHI,PG,78,16.7,7.4,2.7,6.2,43.2,1.3,3.4,39,0.7,0.9,86.6,1.5,2.6,0.5,0.1,0.8,1,0
181,Paul ReedPHI,F,82,19.4,7.3,3.2,5.9,54,0.3,0.7,36.8,0.7,1,71.8,6,1.3,0.8,1,0.8,8,0
181,Christian BraunDEN,G,82,20.2,7.3,2.7,5.9,46,0.8,2,38.4,1.1,1.6,69.4,3.7,1.6,0.5,0.4,0.7,2,0
183,Jaden HardyDAL,G,73,13.5,7.3,2.7,6.6,40.7,1.1,3.1,36.2,0.8,1,77.6,1.8,1.5,0.3,0.1,0.8,0,0
184,Trey LylesSAC,PF,58,20,7.2,2.5,5.5,44.5,1.4,3.8,38.4,0.8,1.2,70,4.4,1.2,0.3,0.3,0.7,1,0
185,James WisemanDET,C,63,17.3,7.1,3,4.8,61.3,0,0,0,1.1,1.6,70.6,5.3,0.9,0.2,0.6,1,7,0
186,Naji MarshallNO,SF,66,19,7.1,2.6,5.6,46.3,0.9,2.3,38.7,1,1.3,79.1,3.6,1.9,0.7,0.2,1,0,0
187,Vasilije MicicOKC/CHA,G,60,19.6,7,2.7,6.2,43,0.7,2.6,27.9,1,1.3,81.3,1.5,4.4,0.5,0.1,1.7,4,0
188,Aaron WigginsOKC,SG,78,15.7,6.9,2.7,4.8,56.2,0.8,1.6,49.2,0.7,0.9,78.9,2.4,1.1,0.7,0.2,0.7,0,0
189,Trendon WatfordBKN,PF,63,13.6,6.9,2.6,4.9,52.7,0.4,1.1,39.7,1.2,1.5,79.4,3.1,1.3,0.4,0.3,1,1,0
190,Cason WallaceOKC,G,82,20.6,6.8,2.6,5.4,49.1,1.2,2.9,41.9,0.4,0.5,78.4,2.3,1.5,0.9,0.5,0.5,0,0
191,Julian ChampagnieSA,F,74,19.8,6.8,2.2,5.4,40.8,1.4,3.7,36.5,1,1.2,81.5,2.8,1.4,0.6,0.6,0.8,0,0
192,Day'Ron SharpeBKN,C,61,15.1,6.8,2.8,4.8,57.1,0.1,0.2,26.7,1.2,2,61,6.4,1.4,0.4,0.7,1.1,6,0
193,Cedi OsmanSA,SF,72,17.6,6.8,2.6,5.3,47.9,1.2,3.1,38.9,0.5,0.7,67.3,2.5,1.7,0.5,0.2,0.7,0,0
194,Jonathan IsaacORL,PF,58,15.8,6.8,2.5,4.9,51,0.7,1.9,37.5,1,1.4,72,4.5,0.5,0.7,1.2,0.5,0,0
195,Peyton WatsonDEN,F,80,18.6,6.7,2.6,5.6,46.5,0.6,1.9,29.6,0.9,1.3,67,3.2,1.1,0.5,1.1,0.7,0,0
196,Amir CoffeyLAC,SG,70,20.9,6.6,2.4,5,47.2,1,2.6,38,0.9,1,85.9,2.1,1.1,0.6,0.2,0.5,1,0
197,Aaron HolidayHOU,G,78,16.3,6.6,2.4,5.3,44.6,1.1,2.8,38.7,0.7,0.8,92.1,1.6,1.8,0.5,0.1,0.7,0,0
198,David RoddyMEM/PHX,F,65,18.1,6.5,2.5,6.3,40.3,0.7,2.5,29.3,0.7,1,69.1,3.2,1.2,0.4,0.2,0.9,0,0
199,Jeff GreenHOU,PF,78,16.8,6.5,2.1,4.7,45.6,0.7,2.1,33.1,1.6,1.9,81.9,2.3,0.9,0.2,0.4,0.6,0,0
200,Kyle AndersonMIN,SF,79,22.6,6.4,2.5,5.5,46,0.1,0.6,22.9,1.2,1.7,70.8,3.5,4.2,0.9,0.6,1.2,0,0
201,Isaiah JacksonIND,SF,60,12.9,6.4,2.6,3.9,66.5,0,0.1,0,1.2,1.7,71.6,4,0.8,0.6,1,0.7,4,0
202,Daniel TheisIND/LAC,C,60,16.9,6.3,2.6,4.9,53.2,0.4,1.2,36.6,0.6,0.8,76,4.1,1,0.4,0.9,0.7,1,0
203,Patrick BeverleyMIL/PHI,PG,73,20,6.2,2.2,5.2,41.7,0.8,2.5,33.7,1,1.2,82.2,3.3,2.9,0.6,0.4,0.9,2,0
204,Haywood HighsmithMIA,F,66,20.7,6.1,2.3,5,46.5,1.2,2.9,39.6,0.3,0.5,63.9,3.2,1.1,0.8,0.5,0.5,0,0
205,Kris MurrayPOR,F,62,21.7,6.1,2.3,5.9,39.6,0.8,3,26.8,0.6,0.9,66.1,3.6,1.3,0.9,0.3,0.9,1,0
206,Ochai AgbajiUTAH/TOR,G,78,21.1,5.8,2.3,5.6,41.1,0.8,2.7,29.4,0.5,0.7,66.1,2.8,1.1,0.6,0.6,0.8,0,0
207,Dyson DanielsNO,G,61,22.3,5.8,2.3,5.1,44.7,0.7,2.2,31.1,0.6,0.9,64.2,3.9,2.7,1.4,0.4,1,1,0
208,Larry Nance Jr.NO,PF,61,19.9,5.7,2.3,4,57.3,0.4,1.1,41.5,0.8,1,77,5,1.9,1,0.3,0.8,2,0
209,Pat ConnaughtonMIL,SG,76,22.1,5.6,2,4.6,43.5,1.1,3.1,34.5,0.6,0.8,75.9,3.1,2.1,0.5,0.3,0.6,0,0
210,Malachi FlynnTOR/NY/DET,PG,69,12.7,5.5,2,4.7,41.8,0.8,2.4,33.1,0.8,1,73.2,1.7,1.9,0.6,0.1,0.9,0,0
211,Doug McDermottIND/SA,SF,64,14.1,5.5,1.9,4.4,43.3,1.5,3.6,41,0.2,0.3,57.9,0.9,1.1,0.3,0,0.4,0,0
212,Matisse ThybullePOR,SG,65,22.9,5.4,1.9,4.9,39.7,1.2,3.6,34.6,0.3,0.4,75.9,2.1,1.4,1.7,0.8,0.6,0,0
213,Kris DunnUTAH,G,66,18.9,5.4,2.2,4.7,47,0.6,1.7,36.9,0.3,0.5,68.8,2.9,3.8,1,0.4,1.2,1,0
214,Nicolas BatumLAC/PHI,PF,60,25.5,5.3,1.9,4.3,45.3,1.2,3.1,39.5,0.3,0.4,71.4,4.1,2.1,0.8,0.6,0.7,0,0
215,Luke KornetBOS,C,63,15.6,5.3,2.3,3.2,70,0,0,100,0.8,0.9,90.7,4.1,1.1,0.4,1,0.3,1,0
216,Davion MitchellSAC,PG,72,15.3,5.3,2,4.5,45.2,0.8,2.2,36.1,0.4,0.6,71.4,1.3,1.9,0.2,0,0.6,0,0
217,Bryce McGowensCHA,G,59,14.9,5.1,1.7,3.9,43.9,0.6,1.7,33.3,1.1,1.4,77.6,1.7,0.9,0.4,0.2,0.5,0,0
218,Drew EubanksPHX,PF,75,15.6,5.1,2,3.4,60.1,0,0,100,1,1.2,77.4,4.3,0.8,0.4,0.8,0.8,0,0
219,Goga BitadzeORL,C,62,15.4,5,2,3.4,60.3,0,0.2,14.3,0.9,1.4,65.5,4.6,1.3,0.5,1.2,0.7,5,0
220,Jevon CarterCHI,PG,72,13.9,5,1.9,5.1,37.8,1.1,3.3,32.9,0.1,0.1,57.1,0.8,1.3,0.5,0.2,0.5,1,0
221,Garrison MathewsATL,SG,66,15,4.9,1.6,3.4,45.6,1.3,2.9,44,0.5,0.6,81,1.4,0.6,0.3,0.1,0.3,0,0
222,Kenrich WilliamsOKC,SF,69,14.9,4.7,1.9,4.1,46.8,0.8,2,39.7,0.1,0.2,50,3,1.3,0.6,0.1,0.5,0,0
223,Josh OkogiePHX,SF,60,16,4.6,1.4,3.4,41.7,0.5,1.6,30.9,1.3,1.7,74.5,2.6,1.1,0.8,0.4,0.6,0,0
224,Anthony BlackORL,G,69,16.9,4.6,1.7,3.6,46.6,0.5,1.4,39.4,0.7,1.2,61.3,2,1.3,0.5,0.3,0.8,0,0
225,Kevon LooneyGS,F,74,16.1,4.5,1.9,3.1,59.7,0,0,0,0.8,1.1,67.5,5.7,1.8,0.4,0.4,0.7,1,0
226,Blake WesleySA,G,61,14.4,4.4,1.7,3.5,47.4,0.2,0.9,21.8,0.9,1.3,66.7,1.5,2.7,0.5,0.1,0.9,0,0
227,Joe InglesORL,SG,68,17.2,4.4,1.5,3.3,43.6,1,2.4,43.5,0.4,0.5,82.4,2.1,3,0.6,0.1,1,0,0
228,Jaxson HayesLAL,C,70,12.5,4.3,1.8,2.5,72,0,0.1,0,0.7,1.2,62.2,3,0.5,0.5,0.4,0.6,2,0
229,Caleb HoustanORL,G,59,13.8,4.3,1.4,3.5,38.8,1.2,3.3,37.3,0.4,0.4,80.8,1.4,0.5,0.3,0.1,0.3,0,0
230,Max ChristieLAL,G,67,14.1,4.2,1.5,3.6,42.7,0.6,1.8,35.6,0.5,0.7,78.3,2.1,0.9,0.3,0.3,0.5,0,0
231,Troy Brown Jr.MIN/DET,SF,59,14,4.2,1.4,3.8,37.2,0.8,2.4,33.3,0.5,0.6,86.5,2.4,1,0.4,0.1,0.5,0,0
232,Jae'Sean TateHOU,SF,65,15.9,4.1,1.7,3.5,47.2,0.4,1.2,29.9,0.4,0.6,66.7,3,1,0.6,0.2,0.6,0,0
233,Justin HolidayDEN,SF,58,14.9,4,1.5,3.3,45.4,0.9,2.3,40.4,0.1,0.1,75,1.2,1.2,0.6,0.2,0.2,0,0
234,Jaylin WilliamsOKC,F,69,13,4,1.4,3.3,41.7,0.8,2.1,36.8,0.5,0.6,80.5,3.4,1.6,0.4,0.4,0.5,0,0
235,Chris DuarteSAC,SG,59,12.2,3.9,1.4,3.6,38.1,0.7,2.2,34.6,0.4,0.6,78.8,1.8,0.7,0.5,0.1,0.4,0,0
236,KJ MartinLAC/PHI,F,60,12.4,3.7,1.6,3,53.6,0.1,0.5,28.6,0.4,0.7,53.7,2.2,0.9,0.4,0.2,0.5,1,0
237,Dwight PowellDAL,C,63,13.3,3.3,1.1,1.7,67.9,0,0,33.3,1,1.4,70.8,3.4,1.3,0.4,0.3,0.5,1,0
238,Zeke NnajiDEN,PF,58,9.9,3.2,1.2,2.6,46.3,0.1,0.4,26.1,0.7,1.1,67.7,2.2,0.6,0.3,0.7,0.5,0,0
239,JT ThorCHA,F,63,12.4,3.2,1.3,2.9,43.7,0.4,1.3,34.6,0.2,0.3,55,2.3,0.5,0.2,0.4,0.2,0,0
240,Dalen TerryCHI,F,59,11.5,3.1,1.2,2.7,43.9,0.3,1.3,23,0.4,0.7,58.1,1.9,1.4,0.5,0.3,0.5,0,0