일자,종가,대비,등락률,시가,고가,저가,거래량,거래대금,상장시가총액
"2022/09/23","3794.28","-55.57","-1.44","3862.26","3880.07","3788.35","23312.0","144779.0","2.6485406E7"
"2022/09/22","3849.85","64.04","1.69","3780.84","3862.33","3771.01","67931.0","372213.0","2.6870234E7"
"2022/09/21","3785.81","8.79","0.23","3764.32","3844.85","3764.32","10860.0","107612.0","2.6430132E7"
"2022/09/20","3777.02","87.45","2.37","3720.27","3777.02","3712.87","3960.0","72132.0","2.6371185E7"
"2022/09/19","3689.57","-11.31","-0.31","3714.12","3731.39","3686.32","7881.0","69575.0","2.576604E7"
"2022/09/16","3700.88","14.84","0.40","3682.60","3708.50","3668.42","6142.0","82473.0","2.5844331E7"
"2022/09/15","3686.04","-13.95","-0.38","3701.29","3718.48","3676.38","8875.0","73858.0","2.573855E7"
"2022/09/14","3699.99","-35.92","-0.96","3686.56","3712.05","3649.72","11307.0","80789.0","2.5833371E7"
"2022/09/13","3735.91","56.29","1.53","3721.73","3753.71","3721.73","5996.0","68847.0","2.6079882E7"
"2022/09/08","3679.62","18.89","0.52","3683.48","3701.28","3677.93","15372.0","107553.0","2.5686666E7"
"2022/09/07","3660.73","-59.50","-1.60","3707.67","3710.03","3656.35","6777.0","64677.0","2.5554221E7"
"2022/09/06","3720.23","9.58","0.26","3718.28","3729.48","3700.00","4063.0","36765.0","2.596541E7"
"2022/09/05","3710.65","-31.07","-0.83","3748.58","3756.50","3699.22","6951.0","51892.0","2.5898971E7"
"2022/09/02","3741.72","0.47","0.01","3754.82","3780.43","3735.50","6442.0","61196.0","2.6115992E7"
"2022/09/01","3741.25","-53.23","-1.40","3775.92","3777.08","3739.61","10072.0","83557.0","2.6109684E7"
"2022/08/31","3794.48","2.34","0.06","3782.24","3804.76","3763.28","6360.0","62603.0","2.6481102E7"
"2022/08/30","3792.14","6.54","0.17","3795.84","3805.60","3782.78","7501.0","57963.0","2.6464789E7"
"2022/08/29","3785.60","-61.03","-1.59","3797.18","3797.18","3753.30","17041.0","105018.0","2.6422553E7"
"2022/08/26","3846.63","-8.09","-0.21","3856.03","3858.22","3833.46","12672.0","95072.0","2.6849989E7"
"2022/08/25","3854.72","1.71","0.04","3869.39","3869.39","3832.52","10341.0","92863.0","2.6904893E7"
"2022/08/24","3853.01","53.30","1.40","3827.42","3876.55","3827.42","9488.0","136257.0","2.6891034E7"
"2022/08/23","3799.71","-94.26","-2.42","3881.77","3881.77","3797.40","21629.0","151174.0","2.6520381E7"
"2022/08/22","3893.97","-39.82","-1.01","3923.33","3926.93","3889.05","39395.0","199698.0","2.717317E7"
"2022/08/19","3933.79","-0.97","-0.02","3930.97","3965.41","3923.26","20351.0","149020.0","2.7451115E7"
"2022/08/18","3934.76","37.09","0.95","3883.97","3951.87","3874.66","33815.0","248725.0","2.7459646E7"
"2022/08/17","3897.67","-6.06","-0.16","3908.45","3917.24","3875.11","50365.0","336899.0","2.7204695E7"
"2022/08/16","3903.73","4.56","0.12","3915.16","3922.92","3891.36","7697.0","125595.0","2.7248646E7"
"2022/08/12","3899.17","-20.78","-0.53","3915.42","3929.55","3881.89","9256.0","88466.0","2.7216798E7"
"2022/08/11","3919.95","1.13","0.03","3932.78","3932.78","3895.74","8054.0","99504.0","2.7358523E7"
"2022/08/10","3918.82","-14.70","-0.37","3939.27","3953.45","3897.93","7248.0","103342.0","2.7351056E7"
"2022/08/09","3933.52","124.50","3.27","3831.21","3950.43","3831.21","8984.0","223712.0","2.7454983E7"
"2022/08/08","3809.02","60.64","1.62","3745.36","3809.29","3723.69","8625.0","175748.0","2.6586532E7"
"2022/08/05","3748.38","29.92","0.80","3735.04","3757.44","3725.52","10469.0","61790.0","2.6167354E7"
"2022/08/04","3718.46","-41.59","-1.11","3767.54","3769.06","3712.50","15006.0","98202.0","2.5961306E7"
"2022/08/03","3760.05","46.23","1.24","3708.70","3785.02","3702.95","106013.0","246237.0","2.6251078E7"
"2022/08/02","3713.82","21.95","0.59","3696.95","3716.03","3680.35","12023.0","132268.0","2.592621E7"
"2022/08/01","3691.87","-44.46","-1.19","3729.59","3732.85","3681.46","5971.0","104205.0","2.5776402E7"
"2022/07/29","3736.33","8.82","0.24","3734.40","3742.57","3714.77","10495.0","72481.0","2.6084796E7"
"2022/07/28","3727.51","-14.75","-0.39","3760.36","3775.30","3715.17","6468.0","59849.0","2.6022679E7"
"2022/07/27","3742.26","-14.02","-0.37","3751.66","3760.75","3735.17","5052.0","46071.0","2.612323E7"
"2022/07/26","3756.28","27.34","0.73","3731.27","3757.38","3726.47","9332.0","72636.0","2.621885E7"
"2022/07/25","3728.94","15.20","0.41","3703.59","3736.90","3703.14","7994.0","59888.0","2.602927E7"
"2022/07/22","3713.74","-22.74","-0.61","3725.46","3734.36","3699.33","24933.0","153685.0","2.5925504E7"
"2022/07/21","3736.48","3.44","0.09","3731.40","3744.00","3718.55","7020.0","61277.0","2.6083047E7"
"2022/07/20","3733.04","-45.62","-1.21","3786.40","3787.40","3727.15","10229.0","85618.0","2.6057571E7"
"2022/07/19","3778.66","68.12","1.84","3714.11","3781.15","3709.19","9251.0","93545.0","2.6387823E7"
"2022/07/18","3710.54","-23.35","-0.63","3733.28","3746.47","3701.37","7690.0","69231.0","2.5914708E7"
"2022/07/15","3733.89","-33.28","-0.88","3770.12","3770.63","3660.75","9465.0","80606.0","2.6075772E7"
"2022/07/14","3767.17","-24.44","-0.64","3771.11","3800.83","3750.54","7796.0","81768.0","2.6316184E7"
"2022/07/13","3791.61","53.12","1.42","3743.37","3811.74","3739.03","9597.0","109959.0","2.6487672E7"
"2022/07/12","3738.49","10.14","0.27","3725.92","3751.08","3714.14","16001.0","118683.0","2.612412E7"
"2022/07/11","3728.35","-23.89","-0.64","3748.42","3750.82","3701.18","12405.0","92125.0","2.6057299E7"
"2022/07/08","3752.24","-11.68","-0.31","3764.68","3775.28","3741.24","25939.0","132958.0","2.6215298E7"
"2022/07/07","3763.92","18.75","0.50","3761.76","3780.97","3745.63","39588.0","211656.0","2.6288876E7"
"2022/07/06","3745.17","-15.62","-0.42","3735.20","3793.46","3726.48","11591.0","117177.0","2.6153524E7"
"2022/07/05","3760.79","-6.79","-0.18","3774.96","3781.91","3706.69","10104.0","110184.0","2.626212E7"
"2022/07/04","3767.58","31.58","0.85","3751.69","3803.71","3725.79","13624.0","127330.0","2.6312688E7"
"2022/07/01","3736.00","51.89","1.41","3712.74","3750.27","3703.65","13717.0","146318.0","2.6089142E7"
"2022/06/30","3684.11","-41.32","-1.11","3716.21","3729.04","3684.11","19065.0","150258.0","2.5724349E7"
"2022/06/29","3725.43","-50.89","-1.35","3747.90","3755.61","3710.25","33464.0","242819.0","2.6020483E7"
"2022/06/28","3776.32","26.80","0.71","3758.91","3776.32","3729.01","14944.0","107729.0","2.6383774E7"
"2022/06/27","3749.52","65.18","1.77","3699.94","3767.38","3689.05","19764.0","127003.0","2.6198866E7"
"2022/06/24","3684.34","59.65","1.65","3644.44","3703.31","3631.28","22298.0","140831.0","2.574554E7"
"2022/06/23","3624.69","-35.99","-0.98","3674.18","3718.33","3623.89","30091.0","208785.0","2.5326508E7"
"2022/06/22","3660.68","-56.86","-1.53","3707.88","3748.06","3655.53","37474.0","273683.0","2.5584579E7"
"2022/06/21","3717.54","13.10","0.35","3720.61","3729.54","3667.64","30960.0","252587.0","2.5984154E7"
"2022/06/20","3704.44","-21.34","-0.57","3746.32","3773.06","3697.96","92573.0","740520.0","2.589503E7"
"2022/06/17","3725.78","5.35","0.14","3706.31","3747.32","3688.61","52653.0","397666.0","2.6041535E7"
"2022/06/16","3720.43","4.87","0.13","3738.26","3783.38","3702.28","27796.0","190868.0","2.6011253E7"
"2022/06/15","3715.56","29.19","0.79","3712.14","3792.98","3693.44","45400.0","336259.0","2.5978389E7"
"2022/06/14","3686.37","-29.55","-0.80","3687.07","3692.64","3632.36","29702.0","189170.0","2.5780668E7"
"2022/06/13","3715.92","-84.04","-2.21","3772.87","3775.73","3715.83","92519.0","602957.0","2.5990938E7"
"2022/06/10","3799.96","-21.01","-0.55","3804.67","3822.57","3780.31","31650.0","183771.0","2.6577244E7"
"2022/06/09","3820.97","-48.25","-1.25","3841.69","3852.24","3810.36","20276.0","163765.0","2.6723268E7"
"2022/06/08","3869.22","-18.09","-0.47","3886.18","3891.81","3855.46","19145.0","110754.0","2.7060172E7"
"2022/06/07","3887.31","-37.23","-0.95","3916.68","3916.68","3868.94","28092.0","160058.0","2.7187928E7"
"2022/06/03","3924.54","-19.74","-0.50","3958.88","3958.88","3913.30","16495.0","108825.0","2.7446985E7"
"2022/06/02","3944.28","1.22","0.03","3946.82","3951.67","3918.41","25815.0","152509.0","2.7584205E7"
"2022/05/31","3943.06","-6.56","-0.17","3960.68","3973.66","3921.80","38149.0","238404.0","2.7577292E7"
"2022/05/30","3949.62","23.55","0.60","3948.09","3974.64","3941.73","66552.0","289383.0","2.7621219E7"
"2022/05/27","3926.07","49.98","1.29","3913.70","3950.70","3891.07","140400.0","636467.0","2.7454697E7"
"2022/05/26","3876.09","-20.56","-0.53","3891.29","3916.70","3861.19","70938.0","359410.0","2.7104122E7"
"2022/05/25","3896.65","28.06","0.73","3901.97","3921.38","3878.77","98381.0","448458.0","2.7246238E7"
"2022/05/24","3868.59","-64.31","-1.64","3925.05","3947.87","3860.95","77959.0","286034.0","2.7049672E7"
"2022/05/23","3932.90","-3.42","-0.09","3955.07","3958.88","3910.94","50861.0","281718.0","2.7500648E7"
"2022/05/20","3936.32","44.30","1.14","3907.35","3955.45","3898.81","216247.0","888443.0","2.7523901E7"
"2022/05/19","3892.02","-64.07","-1.62","3911.29","3911.29","3870.13","101242.0","421754.0","2.7217627E7"
"2022/05/18","3956.09","19.26","0.49","3937.90","3970.26","3929.10","289907.0","894494.0","2.7666473E7"
"2022/05/17","3936.83","-62.66","-1.57","4011.21","4011.21","3913.90","121394.0","442066.0","2.753332E7"
"2022/05/16","3999.49","54.43","1.38","3983.30","4035.57","3976.02","197715.0","754003.0","2.7970733E7"
"2022/05/13","3945.06","48.64","1.25","3928.55","3950.88","3903.92","27754.0","133943.0","2.7588111E7"
"2022/05/12","3896.42","-42.72","-1.08","3916.81","3973.36","3890.34","34879.0","187999.0","2.7250107E7"
"2022/05/11","3939.14","3.11","0.08","3927.16","3961.80","3913.15","41685.0","218483.0","2.7551243E7"
"2022/05/10","3936.03","28.52","0.73","3911.01","3954.13","3866.20","63994.0","359290.0","2.7530817E7"
"2022/05/09","3907.51","-65.00","-1.64","3959.64","3963.75","3894.35","108000.0","467017.0","2.7324209E7"
"2022/05/06","3972.51","-41.97","-1.05","3993.96","3993.96","3946.70","47983.0","202887.0","2.7769885E7"
"2022/05/04","4014.48","-48.32","-1.19","4064.92","4070.52","4001.36","53127.0","242230.0","2.8063976E7"
"2022/05/03","4062.80","-81.77","-1.97","4137.40","4162.53","4061.00","107334.0","548626.0","2.8407879E7"
"2022/05/02","4144.57","70.49","1.73","4062.88","4144.57","4057.61","200765.0","784126.0","2.8979786E7"
"2022/04/29","4074.08","-45.16","-1.10","4106.57","4113.36","4067.75","50127.0","239634.0","2.8482024E7"
"2022/04/28","4119.24","-13.96","-0.34","4125.19","4132.24","4078.38","111282.0","541189.0","2.88001E7"
"2022/04/27","4133.20","-79.38","-1.88","4169.10","4209.79","4111.47","316203.0","1318831.0","2.8892285E7"
"2022/04/26","4212.58","22.40","0.53","4214.83","4216.40","4155.40","242184.0","1006830.0","2.9454975E7"
"2022/04/25","4190.18","21.16","0.51","4177.63","4292.51","4177.63","345951.0","1424432.0","2.9309159E7"
"2022/04/22","4169.02","45.07","1.09","4103.30","4193.01","4070.20","327555.0","1015019.0","2.9161383E7"
"2022/04/21","4123.95","-36.19","-0.87","4183.74","4192.26","4112.55","163735.0","533299.0","2.8847073E7"
"2022/04/20","4160.14","109.66","2.71","4049.34","4196.92","4046.12","600245.0","1240953.0","2.91035E7"
"2022/04/19","4050.48","45.94","1.15","4028.31","4064.59","4000.77","335549.0","1054450.0","2.8328753E7"
"2022/04/18","4004.54","67.86","1.72","3926.79","4015.54","3920.49","506691.0","971555.0","2.8004952E7"
"2022/04/15","3936.68","-19.25","-0.49","3934.95","3948.97","3923.27","35702.0","236364.0","2.7522475E7"
"2022/04/14","3955.93","25.29","0.64","3928.97","3955.93","3914.83","15320.0","135552.0","2.7653583E7"
"2022/04/13","3930.64","11.12","0.28","3934.89","3939.68","3913.61","17320.0","131917.0","2.7473773E7"
"2022/04/12","3919.52","-36.47","-0.92","3934.40","3937.37","3896.90","11557.0","85636.0","2.7392286E7"
"2022/04/11","3955.99","34.82","0.89","3915.61","3959.56","3899.52","17108.0","116722.0","2.7644261E7"
"2022/04/08","3921.17","-12.36","-0.31","3941.22","3941.87","3902.63","8955.0","93588.0","2.7400869E7"
"2022/04/07","3933.53","-8.48","-0.22","3926.56","3955.13","3908.37","14563.0","131773.0","2.7485124E7"
"2022/04/06","3942.01","-1.70","-0.04","3937.76","3968.19","3917.39","22299.0","148694.0","2.7540876E7"
"2022/04/05","3943.71","12.99","0.33","3933.71","3948.25","3901.51","9557.0","106869.0","2.7554147E7"
"2022/04/04","3930.72","50.40","1.30","3885.12","3933.70","3882.63","15758.0","141470.0","2.7466078E7"
"2022/04/01","3880.32","31.80","0.83","3857.07","3895.39","3840.41","27950.0","177101.0","2.7115962E7"
"2022/03/31","3848.52","14.55","0.38","3840.39","3859.30","3831.16","19140.0","167866.0","2.689736E7"
"2022/03/30","3833.97","17.10","0.45","3847.67","3849.26","3816.98","9531.0","99370.0","2.6795381E7"
"2022/03/29","3816.87","-2.65","-0.07","3833.03","3841.16","3812.39","27891.0","231189.0","2.6675489E7"
"2022/03/28","3819.52","16.85","0.44","3799.16","3819.65","3783.00","13968.0","122810.0","2.6691447E7"
"2022/03/25","3802.67","-29.30","-0.76","3836.91","3838.03","3792.00","25410.0","201883.0","2.6573872E7"
"2022/03/24","3831.97","77.52","2.06","3757.47","3832.16","3741.88","84028.0","532393.0","2.6775229E7"
"2022/03/23","3754.45","18.69","0.50","3748.37","3776.02","3741.46","13410.0","112749.0","2.623881E7"
"2022/03/22","3735.76","9.00","0.24","3720.10","3743.59","3716.38","33206.0","160094.0","2.610651E7"
"2022/03/21","3726.76","16.75","0.45","3723.87","3741.72","3718.85","23477.0","139091.0","2.6043795E7"
"2022/03/18","3710.01","10.93","0.30","3696.56","3711.01","3688.88","9927.0","104398.0","2.5929167E7"
"2022/03/17","3699.08","51.29","1.41","3695.15","3712.95","3684.72","9767.0","117155.0","2.5855615E7"
"2022/03/16","3647.79","31.41","0.87","3636.84","3649.99","3611.97","6082.0","67116.0","2.549826E7"
"2022/03/15","3616.38","-10.68","-0.29","3612.70","3644.99","3604.74","11616.0","104742.0","2.5279774E7"
"2022/03/14","3627.06","-41.81","-1.14","3668.98","3669.25","3603.68","10192.0","106818.0","2.535276E7"
"2022/03/11","3668.87","-5.33","-0.15","3657.94","3671.33","3645.40","7818.0","97824.0","2.5643968E7"
"2022/03/10","3674.20","72.83","2.02","3646.36","3675.23","3633.94","12406.0","126960.0","2.5678672E7"
"2022/03/08","3601.37","-75.01","-2.04","3646.63","3646.63","3591.67","19547.0","136608.0","2.5174847E7"
"2022/03/07","3676.38","-117.71","-3.10","3790.39","3790.39","3661.22","39392.0","251082.0","2.5697404E7"
"2022/03/04","3794.09","-2.11","-0.06","3801.44","3814.98","3764.90","56349.0","229039.0","2.6513192E7"
"2022/03/03","3796.20","3.56","0.09","3811.61","3819.87","3782.08","28441.0","180732.0","2.6527855E7"
"2022/03/02","3792.64","11.31","0.30","3787.39","3814.43","3773.98","38230.0","238174.0","2.6499515E7"
"2022/02/28","3781.33","4.96","0.13","3770.50","3781.33","3734.76","8501.0","96749.0","2.641769E7"
"2022/02/25","3776.37","-29.76","-0.78","3815.87","3834.11","3766.78","18565.0","115623.0","2.6380348E7"
"2022/02/24","3806.13","-61.16","-1.58","3847.48","3856.34","3766.69","35238.0","139845.0","2.6583548E7"
"2022/02/23","3867.29","-9.93","-0.26","3892.87","3897.11","3837.08","20745.0","123187.0","2.7011621E7"
"2022/02/22","3877.22","-35.67","-0.91","3871.53","3893.16","3845.91","38891.0","174857.0","2.7077951E7"
"2022/02/21","3912.89","26.91","0.69","3866.67","3915.84","3836.68","15444.0","152659.0","2.732809E7"
"2022/02/18","3885.98","35.15","0.91","3836.22","3893.61","3826.33","29572.0","277897.0","2.7140266E7"
"2022/02/17","3850.83","-13.40","-0.35","3870.39","3890.06","3808.52","22672.0","136974.0","2.6896548E7"
"2022/02/16","3864.23","51.71","1.36","3844.74","3869.83","3827.17","17535.0","107867.0","2.6987565E7"
"2022/02/15","3812.52","-49.63","-1.29","3848.76","3851.38","3786.62","94501.0","309151.0","2.6623275E7"
"2022/02/14","3862.15","-42.22","-1.08","3877.57","3886.40","3833.79","20808.0","115213.0","2.6970833E7"
"2022/02/11","3904.37","-49.11","-1.24","3907.74","3954.96","3904.37","34066.0","162133.0","2.7268148E7"
"2022/02/10","3953.48","14.44","0.37","3943.22","3968.22","3935.07","21015.0","183453.0","2.7609823E7"
"2022/02/09","3939.04","24.45","0.62","3934.84","3944.60","3900.51","6087.0","100918.0","2.7507101E7"
"2022/02/08","3914.59","6.21","0.16","3943.71","3979.59","3877.83","17762.0","152383.0","2.7336937E7"
"2022/02/07","3908.38","62.98","1.64","3824.45","3929.49","3811.16","14972.0","185939.0","2.7292892E7"
"2022/02/04","3845.40","139.04","3.75","3702.42","3859.17","3696.76","29170.0","178306.0","2.6855822E7"
"2022/02/03","3706.36","75.74","2.09","3658.45","3740.74","3658.45","7307.0","72496.0","2.589115E7"
"2022/01/28","3630.62","132.06","3.77","3515.55","3635.98","3505.49","6148.0","92544.0","2.5359415E7"
"2022/01/27","3498.56","-150.98","-4.14","3649.54","3672.27","3495.74","9668.0","105759.0","2.4444543E7"
"2022/01/26","3649.54","-13.47","-0.37","3665.06","3691.32","3644.21","13733.0","72243.0","2.5492425E7"
"2022/01/25","3663.01","-88.17","-2.35","3751.63","3765.21","3652.39","12802.0","136254.0","2.5583429E7"
"2022/01/24","3751.18","42.67","1.15","3719.54","3785.38","3718.23","27792.0","142748.0","2.6202273E7"
"2022/01/21","3708.51","-27.69","-0.74","3720.49","3729.25","3693.74","5104.0","57570.0","2.5910758E7"
"2022/01/20","3736.20","18.89","0.51","3727.15","3740.85","3711.00","5685.0","53855.0","2.6106981E7"
"2022/01/19","3717.31","-24.41","-0.65","3723.74","3753.99","3708.12","5399.0","51783.0","2.5977869E7"
"2022/01/18","3741.72","-44.18","-1.17","3791.68","3804.07","3733.90","7045.0","70596.0","2.6150984E7"
"2022/01/17","3785.90","-36.38","-0.95","3816.77","3835.40","3773.96","9878.0","104632.0","2.6458683E7"
"2022/01/14","3822.28","-30.29","-0.79","3843.77","3865.66","3821.04","12907.0","138170.0","2.6712656E7"
"2022/01/13","3852.57","-4.82","-0.12","3869.35","3887.34","3842.98","6010.0","69198.0","2.6920351E7"
"2022/01/12","3857.39","32.77","0.86","3832.77","3862.87","3828.27","15741.0","92573.0","2.695379E7"
"2022/01/11","3824.62","-38.45","-1.00","3853.40","3871.42","3823.82","7537.0","64423.0","2.6726759E7"
"2022/01/10","3863.07","19.38","0.50","3849.33","3874.89","3825.91","5433.0","72275.0","2.6995207E7"
"2022/01/07","3843.69","71.76","1.90","3769.67","3855.74","3764.74","4826.0","75871.0","2.6862436E7"
"2022/01/06","3771.93","-15.04","-0.40","3771.90","3813.54","3764.08","7975.0","78699.0","2.6365674E7"
"2022/01/05","3786.97","-17.36","-0.46","3795.06","3797.79","3765.72","7148.0","76398.0","2.6473054E7"
"2022/01/04","3804.33","-4.56","-0.12","3803.45","3807.57","3772.70","7849.0","67857.0","2.6594234E7"
"2022/01/03","3808.89","-17.97","-0.47","3823.07","3842.81","3793.90","6356.0","57400.0","2.662637E7"
"2021/12/30","3826.86","-27.26","-0.71","3842.30","3858.65","3817.45","8085.0","59810.0","2.6752951E7"
"2021/12/29","3854.12","-21.20","-0.55","3839.40","3871.97","3825.14","5734.0","50514.0","2.6943515E7"
"2021/12/28","3875.32","16.69","0.43","3864.99","3875.32","3845.32","7021.0","67092.0","2.7094958E7"
"2021/12/27","3858.63","11.50","0.30","3853.12","3872.08","3845.92","5625.0","60573.0","2.6979468E7"
"2021/12/24","3847.13","1.34","0.03","3851.80","3875.37","3837.35","6687.0","52237.0","2.6897825E7"
"2021/12/23","3845.79","3.31","0.09","3854.69","3862.51","3826.90","5759.0","53906.0","2.6888627E7"
"2021/12/22","3842.48","-32.66","-0.84","3869.60","3876.55","3833.18","7215.0","61956.0","2.6838588E7"
"2021/12/21","3875.14","2.60","0.07","3879.56","3891.02","3854.87","17950.0","88825.0","2.7062972E7"
"2021/12/20","3872.54","-29.03","-0.74","3886.37","3916.76","3865.58","6223.0","67602.0","2.7038941E7"
"2021/12/17","3901.57","43.72","1.13","3852.14","3909.10","3833.24","6411.0","102700.0","2.7240522E7"
"2021/12/16","3857.85","-7.65","-0.20","3870.46","3873.50","3834.39","20379.0","73068.0","2.693953E7"
"2021/12/15","3865.50","-3.05","-0.08","3883.93","3891.65","3855.27","31541.0","88619.0","2.6992188E7"
"2021/12/14","3868.55","67.51","1.78","3792.18","3891.44","3784.95","7730.0","128792.0","2.7014552E7"
"2021/12/13","3801.04","33.13","0.88","3777.49","3848.04","3777.49","8015.0","116947.0","2.654737E7"
"2021/12/10","3767.91","-3.20","-0.08","3756.53","3795.22","3752.60","17155.0","94859.0","2.6320693E7"
"2021/12/09","3771.11","29.69","0.79","3755.27","3777.85","3748.89","16362.0","92398.0","2.6337714E7"
"2021/12/08","3741.42","-38.95","-1.03","3796.91","3803.89","3739.92","12863.0","70891.0","2.6133612E7"
"2021/12/07","3780.37","62.78","1.69","3717.08","3783.62","3716.13","5288.0","72329.0","2.6402239E7"
"2021/12/06","3717.59","3.81","0.10","3707.99","3734.39","3666.47","5910.0","61180.0","2.5968958E7"
"2021/12/03","3713.78","38.04","1.03","3675.07","3725.22","3666.70","29504.0","130668.0","2.5943684E7"
"2021/12/02","3675.74","79.51","2.21","3562.88","3681.58","3549.32","23069.0","82321.0","2.5677452E7"
"2021/12/01","3596.23","44.32","1.25","3565.20","3608.91","3529.81","7581.0","90225.0","2.5126607E7"
"2021/11/30","3551.91","-155.53","-4.20","3712.70","3723.00","3541.80","11968.0","139010.0","2.4818475E7"
"2021/11/29","3707.44","-51.68","-1.37","3706.01","3737.83","3682.91","8324.0","76355.0","2.5899409E7"
"2021/11/26","3759.12","-60.09","-1.57","3821.25","3822.87","3748.52","9700.0","89941.0","2.6261223E7"
"2021/11/25","3819.21","-30.85","-0.80","3840.05","3845.44","3815.46","5013.0","60290.0","2.6678834E7"
"2021/11/24","3850.06","16.70","0.44","3835.78","3877.82","3835.25","5740.0","109678.0","2.6898803E7"
"2021/11/23","3833.36","20.99","0.55","3793.60","3841.50","3790.97","5400.0","61302.0","2.6777323E7"
"2021/11/22","3812.37","0.67","0.02","3794.49","3829.99","3790.33","6541.0","72920.0","2.6636449E7"
"2021/11/19","3811.70","14.56","0.38","3791.71","3820.50","3786.55","5243.0","74503.0","2.6632268E7"
"2021/11/18","3797.14","-43.59","-1.13","3820.62","3827.42","3792.79","5963.0","67305.0","2.652612E7"
"2021/11/17","3840.73","-48.12","-1.24","3880.10","3883.11","3824.13","6635.0","77327.0","2.6828677E7"
"2021/11/16","3888.85","-18.25","-0.47","3892.31","3910.16","3878.58","6729.0","73021.0","2.7165324E7"
"2021/11/15","3907.10","39.61","1.02","3878.45","3911.41","3873.47","19429.0","73233.0","2.7290564E7"
"2021/11/12","3867.49","28.29","0.74","3836.00","3877.07","3827.04","5367.0","63899.0","2.701566E7"
"2021/11/11","3839.20","-19.01","-0.49","3826.90","3844.35","3815.88","6918.0","69041.0","2.6816501E7"
"2021/11/10","3858.21","-70.55","-1.80","3908.35","3910.40","3849.77","6141.0","67943.0","2.6948955E7"
"2021/11/09","3928.76","-19.04","-0.48","3961.78","3993.38","3915.25","5163.0","73237.0","2.7440394E7"
"2021/11/08","3947.80","-0.76","-0.02","3940.42","3958.34","3908.57","7316.0","74035.0","2.7575212E7"
"2021/11/05","3948.56","-38.71","-0.97","4001.42","4006.60","3935.91","10463.0","94468.0","2.7579249E7"
"2021/11/04","3987.27","-21.41","-0.53","4021.94","4042.32","3980.71","8105.0","70470.0","2.7842318E7"
"2021/11/03","4008.68","-50.59","-1.25","4056.60","4057.42","3999.60","5933.0","63212.0","2.8001412E7"
"2021/11/02","4059.27","15.82","0.39","4054.93","4090.26","4051.69","6122.0","73190.0","2.8350839E7"
"2021/11/01","4043.45","29.77","0.74","4021.10","4063.88","4021.10","5842.0","72876.0","2.8240475E7"
"2021/10/29","4013.68","-58.38","-1.43","4068.45","4078.63","4003.46","6730.0","112325.0","2.803286E7"
"2021/10/28","4072.06","-49.08","-1.19","4113.59","4119.38","4070.24","7293.0","142012.0","2.8441027E7"
"2021/10/27","4121.14","-43.88","-1.05","4156.65","4156.65","4111.36","8295.0","95298.0","2.877201E7"
"2021/10/26","4165.02","-1.95","-0.05","4182.86","4183.78","4153.57","16129.0","91810.0","2.9073734E7"
"2021/10/25","4166.97","17.11","0.41","4140.83","4171.91","4120.84","7051.0","89001.0","2.9087912E7"
"2021/10/22","4149.86","-2.81","-0.07","4139.12","4160.41","4136.82","20362.0","73351.0","2.8970221E7"
"2021/10/21","4152.67","-14.88","-0.36","4163.56","4185.48","4152.35","11762.0","93470.0","2.8990394E7"
"2021/10/20","4167.55","13.59","0.33","4170.85","4184.25","4152.81","11488.0","106002.0","2.9095182E7"
"2021/10/19","4153.96","7.79","0.19","4166.73","4185.17","4139.66","10980.0","77601.0","2.9006446E7"
"2021/10/18","4146.17","16.94","0.41","4137.12","4161.58","4103.88","12155.0","95962.0","2.8952934E7"
"2021/10/15","4129.23","19.56","0.48","4120.31","4140.46","4101.41","21511.0","124482.0","2.883301E7"
"2021/10/14","4109.67","51.62","1.27","4071.80","4109.67","4071.80","16222.0","82710.0","2.8695254E7"
"2021/10/13","4058.05","45.68","1.14","4020.91","4066.52","4009.65","13736.0","76016.0","2.8336898E7"
"2021/10/12","4012.37","-47.77","-1.18","4063.20","4063.20","3997.04","13013.0","96577.0","2.8018877E7"
"2021/10/08","4060.14","-4.52","-0.11","4052.67","4071.20","4024.84","35813.0","120719.0","2.835066E7"
"2021/10/07","4064.66","77.87","1.95","4002.45","4067.25","4001.62","13414.0","90217.0","2.8382306E7"
"2021/10/06","3986.79","-51.72","-1.28","4056.86","4075.50","3984.67","14254.0","113200.0","2.7838643E7"
"2021/10/05","4038.51","9.37","0.23","4009.72","4065.82","3985.87","18269.0","126424.0","2.8200051E7"
"2021/10/01","4029.14","-64.69","-1.58","4066.84","4084.83","4016.19","12460.0","94099.0","2.8138159E7"
"2021/09/30","4093.83","14.36","0.35","4077.23","4096.91","4061.56","10456.0","77492.0","2.8590942E7"
"2021/09/29","4079.47","-56.67","-1.37","4107.35","4112.10","4055.52","20465.0","120635.0","2.8491954E7"
"2021/09/28","4136.14","-62.15","-1.48","4189.67","4189.67","4129.16","11379.0","91735.0","2.8883289E7"
"2021/09/27","4198.29","-5.90","-0.14","4190.84","4223.62","4181.14","9515.0","66837.0","2.9317199E7"
"2021/09/24","4204.19","-29.22","-0.69","4229.35","4239.48","4193.83","10278.0","71787.0","2.9355994E7"
"2021/09/23","4233.41","-34.82","-0.82","4256.97","4258.62","4201.59","11443.0","95800.0","2.9559703E7"