통계표,구분코드,계정항목,단위,변환,2024/07
"4.4.3.1. 유형별 주택매매가격지수","종합","전국","2021.6=100","원자료","95.9"
"4.4.3.1. 유형별 주택매매가격지수","종합","수도권","2021.6=100","원자료","95.7"
"4.4.3.1. 유형별 주택매매가격지수","종합","지방","2021.6=100","원자료","96.0"
"4.4.3.1. 유형별 주택매매가격지수","종합","5대광역시","2021.6=100","원자료","90.9"
"4.4.3.1. 유형별 주택매매가격지수","종합","8개도","2021.6=100","원자료","99.9"
"4.4.3.1. 유형별 주택매매가격지수","종합","서울","2021.6=100","원자료","97.9"
"4.4.3.1. 유형별 주택매매가격지수","종합","경기","2021.6=100","원자료","94.7"
"4.4.3.1. 유형별 주택매매가격지수","종합","인천","2021.6=100","원자료","94.2"
"4.4.3.1. 유형별 주택매매가격지수","종합","부산","2021.6=100","원자료","91.8"
"4.4.3.1. 유형별 주택매매가격지수","종합","대구","2021.6=100","원자료","83.8"
"4.4.3.1. 유형별 주택매매가격지수","종합","광주","2021.6=100","원자료","96.8"
"4.4.3.1. 유형별 주택매매가격지수","종합","대전","2021.6=100","원자료","92.8"
"4.4.3.1. 유형별 주택매매가격지수","종합","울산","2021.6=100","원자료","93.4"
"4.4.3.1. 유형별 주택매매가격지수","종합","세종","2021.6=100","원자료","76.3"
"4.4.3.1. 유형별 주택매매가격지수","종합","강원","2021.6=100","원자료","103.5"
"4.4.3.1. 유형별 주택매매가격지수","종합","충북","2021.6=100","원자료","102.0"
"4.4.3.1. 유형별 주택매매가격지수","종합","충남","2021.6=100","원자료","99.4"
"4.4.3.1. 유형별 주택매매가격지수","종합","전북","2021.6=100","원자료","101.5"
"4.4.3.1. 유형별 주택매매가격지수","종합","전남","2021.6=100","원자료","98.7"
"4.4.3.1. 유형별 주택매매가격지수","종합","경북","2021.6=100","원자료","100.6"
"4.4.3.1. 유형별 주택매매가격지수","종합","경남","2021.6=100","원자료","96.6"
"4.4.3.1. 유형별 주택매매가격지수","종합","제주","2021.6=100","원자료","100.6"
"4.4.3.1. 유형별 주택매매가격지수","종합","6대광역시","2021.6=100","원자료","91.7"
"4.4.3.1. 유형별 주택매매가격지수","종합","9개도","2021.6=100","원자료","97.6"
"4.4.3.1. 유형별 주택매매가격지수","아파트","전국","2021.6=100","원자료","93.0"
"4.4.3.1. 유형별 주택매매가격지수","아파트","수도권","2021.6=100","원자료","93.2"
"4.4.3.1. 유형별 주택매매가격지수","아파트","지방","2021.6=100","원자료","92.8"
"4.4.3.1. 유형별 주택매매가격지수","아파트","5대광역시","2021.6=100","원자료","87.6"
"4.4.3.1. 유형별 주택매매가격지수","아파트","8개도","2021.6=100","원자료","98.1"
"4.4.3.1. 유형별 주택매매가격지수","아파트","서울","2021.6=100","원자료","95.9"
"4.4.3.1. 유형별 주택매매가격지수","아파트","경기","2021.6=100","원자료","92.0"
"4.4.3.1. 유형별 주택매매가격지수","아파트","인천","2021.6=100","원자료","91.9"
"4.4.3.1. 유형별 주택매매가격지수","아파트","부산","2021.6=100","원자료","88.6"
"4.4.3.1. 유형별 주택매매가격지수","아파트","대구","2021.6=100","원자료","78.4"
"4.4.3.1. 유형별 주택매매가격지수","아파트","광주","2021.6=100","원자료","95.3"
"4.4.3.1. 유형별 주택매매가격지수","아파트","대전","2021.6=100","원자료","89.6"
"4.4.3.1. 유형별 주택매매가격지수","아파트","울산","2021.6=100","원자료","91.2"
"4.4.3.1. 유형별 주택매매가격지수","아파트","세종","2021.6=100","원자료","72.4"
"4.4.3.1. 유형별 주택매매가격지수","아파트","강원","2021.6=100","원자료","103.7"
"4.4.3.1. 유형별 주택매매가격지수","아파트","충북","2021.6=100","원자료","101.4"
"4.4.3.1. 유형별 주택매매가격지수","아파트","충남","2021.6=100","원자료","98.3"
"4.4.3.1. 유형별 주택매매가격지수","아파트","전북","2021.6=100","원자료","101.3"
"4.4.3.1. 유형별 주택매매가격지수","아파트","전남","2021.6=100","원자료","92.3"
"4.4.3.1. 유형별 주택매매가격지수","아파트","경북","2021.6=100","원자료","98.6"
"4.4.3.1. 유형별 주택매매가격지수","아파트","경남","2021.6=100","원자료","94.7"
"4.4.3.1. 유형별 주택매매가격지수","아파트","제주","2021.6=100","원자료","100.9"
"4.4.3.1. 유형별 주택매매가격지수","아파트","6대광역시","2021.6=100","원자료","88.5"
"4.4.3.1. 유형별 주택매매가격지수","아파트","9개도","2021.6=100","원자료","95.1"
"4.4.3.1. 유형별 주택매매가격지수","연립다세대","전국","2021.6=100","원자료","98.0"
"4.4.3.1. 유형별 주택매매가격지수","연립다세대","수도권","2021.6=100","원자료","98.1"
"4.4.3.1. 유형별 주택매매가격지수","연립다세대","지방","2021.6=100","원자료","97.6"
"4.4.3.1. 유형별 주택매매가격지수","연립다세대","5대광역시","2021.6=100","원자료","96.5"
"4.4.3.1. 유형별 주택매매가격지수","연립다세대","8개도","2021.6=100","원자료","98.7"
"4.4.3.1. 유형별 주택매매가격지수","연립다세대","서울","2021.6=100","원자료","98.3"
"4.4.3.1. 유형별 주택매매가격지수","연립다세대","경기","2021.6=100","원자료","98.4"
"4.4.3.1. 유형별 주택매매가격지수","연립다세대","인천","2021.6=100","원자료","96.7"
"4.4.3.1. 유형별 주택매매가격지수","연립다세대","부산","2021.6=100","원자료","96.9"
"4.4.3.1. 유형별 주택매매가격지수","연립다세대","대구","2021.6=100","원자료","93.4"
"4.4.3.1. 유형별 주택매매가격지수","연립다세대","광주","2021.6=100","원자료","98.2"
"4.4.3.1. 유형별 주택매매가격지수","연립다세대","대전","2021.6=100","원자료","98.8"
"4.4.3.1. 유형별 주택매매가격지수","연립다세대","울산","2021.6=100","원자료","96.2"
"4.4.3.1. 유형별 주택매매가격지수","연립다세대","세종","2021.6=100","원자료","96.7"
"4.4.3.1. 유형별 주택매매가격지수","연립다세대","강원","2021.6=100","원자료","100.7"
"4.4.3.1. 유형별 주택매매가격지수","연립다세대","충북","2021.6=100","원자료","102.2"
"4.4.3.1. 유형별 주택매매가격지수","연립다세대","충남","2021.6=100","원자료","97.0"
"4.4.3.1. 유형별 주택매매가격지수","연립다세대","전북","2021.6=100","원자료","96.6"
"4.4.3.1. 유형별 주택매매가격지수","연립다세대","전남","2021.6=100","원자료","97.3"
"4.4.3.1. 유형별 주택매매가격지수","연립다세대","경북","2021.6=100","원자료","100.0"
"4.4.3.1. 유형별 주택매매가격지수","연립다세대","경남","2021.6=100","원자료","96.6"
"4.4.3.1. 유형별 주택매매가격지수","연립다세대","제주","2021.6=100","원자료","99.5"
"4.4.3.1. 유형별 주택매매가격지수","연립다세대","6대광역시","2021.6=100","원자료","96.6"
"4.4.3.1. 유형별 주택매매가격지수","연립다세대","9개도","2021.6=100","원자료","98.5"
"4.4.3.1. 유형별 주택매매가격지수","단독주택","전국","2021.6=100","원자료","103.9"
"4.4.3.1. 유형별 주택매매가격지수","단독주택","수도권","2021.6=100","원자료","106.0"
"4.4.3.1. 유형별 주택매매가격지수","단독주택","지방","2021.6=100","원자료","103.2"
"4.4.3.1. 유형별 주택매매가격지수","단독주택","5대광역시","2021.6=100","원자료","103.8"
"4.4.3.1. 유형별 주택매매가격지수","단독주택","8개도","2021.6=100","원자료","103.0"
"4.4.3.1. 유형별 주택매매가격지수","단독주택","서울","2021.6=100","원자료","106.5"
"4.4.3.1. 유형별 주택매매가격지수","단독주택","경기","2021.6=100","원자료","105.9"
"4.4.3.1. 유형별 주택매매가격지수","단독주택","인천","2021.6=100","원자료","104.8"
"4.4.3.1. 유형별 주택매매가격지수","단독주택","부산","2021.6=100","원자료","103.0"
"4.4.3.1. 유형별 주택매매가격지수","단독주택","대구","2021.6=100","원자료","104.2"
"4.4.3.1. 유형별 주택매매가격지수","단독주택","광주","2021.6=100","원자료","104.8"
"4.4.3.1. 유형별 주택매매가격지수","단독주택","대전","2021.6=100","원자료","105.2"
"4.4.3.1. 유형별 주택매매가격지수","단독주택","울산","2021.6=100","원자료","102.5"
"4.4.3.1. 유형별 주택매매가격지수","단독주택","세종","2021.6=100","원자료","106.2"
"4.4.3.1. 유형별 주택매매가격지수","단독주택","강원","2021.6=100","원자료","104.2"
"4.4.3.1. 유형별 주택매매가격지수","단독주택","충북","2021.6=100","원자료","103.6"
"4.4.3.1. 유형별 주택매매가격지수","단독주택","충남","2021.6=100","원자료","102.8"
"4.4.3.1. 유형별 주택매매가격지수","단독주택","전북","2021.6=100","원자료","102.7"
"4.4.3.1. 유형별 주택매매가격지수","단독주택","전남","2021.6=100","원자료","104.8"
"4.4.3.1. 유형별 주택매매가격지수","단독주택","경북","2021.6=100","원자료","103.3"
"4.4.3.1. 유형별 주택매매가격지수","단독주택","경남","2021.6=100","원자료","101.0"
"4.4.3.1. 유형별 주택매매가격지수","단독주택","제주","2021.6=100","원자료","101.7"
"4.4.3.1. 유형별 주택매매가격지수","단독주택","6대광역시","2021.6=100","원자료","104.0"
"4.4.3.1. 유형별 주택매매가격지수","단독주택","9개도","2021.6=100","원자료","103.6"